Country,Code,1960,1961,1962,1963,1964,1965,1966,1967,1968,1969,1970,1971,1972,1973,1974,1975,1976,1977,1978,1979,1980,1981,1982,1983,1984,1985,1986,1987,1988,1989,1990,1991,1992,1993,1994,1995,1996,1997,1998,1999,2000,2001,2002,2003,2004,2005,2006,2007,2008,2009,2010,2011,2012,2013,2014
Afghanistan,AFG,0.41403,0.49098,0.68883,0.70715,0.83906,1.0076,1.0919,1.2824,1.2238,0.94165,1.6708,1.8943,1.5316,1.6378,1.9163,2.1251,1.9859,2.3889,2.1581,2.2387,1.7587,1.9822,2.0995,2.5208,2.8286,3.5064,3.14,3.1217,2.8652,2.7736,2.6747,2.4915,1.4253,1.374,1.319,1.2677,1.1981,1.1139,1.0552,0.83173,0.78043,0.64486,0.89402,1.0369,0.9563,1.3374,1.6561,2.279,4.2136,6.7711,8.4638,12.2414,12.657,12.8328,13.2411
Albania,ALB,2.0225,2.279,2.4622,2.0812,2.0152,2.1728,2.5501,2.6784,3.0704,3.2426,3.7409,4.3492,5.6389,5.2872,4.3418,4.591,4.9464,5.7158,6.4889,7.5808,5.1662,7.3353,7.3024,7.6248,7.819,7.8739,8.0498,7.4379,7.3207,8.9768,7.4819,3.9681,2.3853,2.3413,1.9273,2.0848,2.0152,1.5425,1.7514,2.9825,3.0191,3.2207,3.7483,4.2905,4.1623,4.2502,3.8619,4.4737,4.6533,4.4847,4.4115,4.6643,4.5579,4.5654,4.563
Algeria,DZA,6.1555,6.0603,5.6645,5.4227,5.6462,6.5915,8.4235,8.4345,9.0537,11.2668,15.0627,18.6534,28.3264,38.2815,31.8805,32.005,39.1388,41.8575,62.4785,45.5838,66.465,46.4009,39.2378,52.5821,71.045,72.7267,76.2149,84.0522,83.88,79.9815,78.8603,81.1539,81.8684,82.2275,86.4301,95.2677,97.052,88.1229,106.9925,92.0433,87.8591,84.2244,90.7793,92.4574,89.4199,107.0401,100.8369,109.2055,111.4845,121.2747,119.1789,121.6558,131.2985,138.0686,147.2963
Andorra,AND,,,,,,,,,,,,,,,,,,,,,,,,,,,,,,,,,,,,0.4067,0.42502,0.458,0.48365,0.51296,0.52395,0.52395,0.53128,0.53494,0.56426,0.57525,0.54594,0.53861,0.53861,0.51662,0.51662,0.49098,0.4699,0.46978,0.47225
Angola,AGO,0.5496,0.45434,1.1798,1.1505,1.2238,1.1871,1.5535,0.99294,1.6708,2.7846,3.5797,3.4075,4.5031,4.8768,4.8695,4.4115,3.2829,3.5321,5.4081,5.4997,5.3421,5.2762,4.646,5.1113,5.005,4.6972,4.6569,5.8111,5.1259,5.005,4.4261,4.3638,4.4151,5.7964,3.8875,11.003,10.4827,7.3756,7.3024,9.149,9.5337,9.7243,12.6555,9.0574,18.778,19.1407,22.2478,25.1314,27.1502,29.3376,29.7187,29.6857,30.8309,31.1827,31.5728
Anguilla,AIA,,,,,,,,,,,,,,,,,,,,,,,,,,,,,,,,,,,,,,0.043968,0.047632,0.051296,0.062288,0.095264,0.095264,0.10259,0.12091,0.12824,0.1429,0.15022,0.15022,0.14656,0.15022,0.1429,0.14237,0.14058,0.14236
Antigua and Barbuda,ATG,0.03664,0.047632,0.10259,0.084272,0.0916,0.15022,0.34808,0.56426,0.98928,1.2568,0.46166,0.42502,0.37373,0.32976,0.42869,0.70715,0.40304,0.46533,0.49098,0.4067,0.1429,0.10626,0.29312,0.084272,0.14656,0.24915,0.24915,0.2748,0.28579,0.28579,0.30045,0.28946,0.28946,0.30411,0.31144,0.32243,0.32243,0.33709,0.33342,0.34808,0.34442,0.34442,0.36274,0.38838,0.4067,0.41037,0.42502,0.46899,0.47998,0.5093,0.52395,0.51296,0.51106,0.50463,0.51104
Argentina,ARG,48.7752,51.1384,53.652,50.0429,55.6818,58.8182,63.0868,65.4903,69.0261,77.2664,82.6672,88.8667,90.0831,93.9889,95.4912,94.8536,99.7048,100.7087,102.5554,110.6125,108.6486,101.9581,103.3395,105.1275,106.4355,100.5145,104.1272,114.8481,121.3737,116.9952,112.5214,116.9256,121.348,118.5121,123.2496,122.4472,129.112,134.5677,137.5612,145.3692,140.9614,132.5232,123.1654,133.0179,156.0424,160.8203,174.095,179.591,191.422,180.507,178.8545,189.8795,194.6223,204.0895,201.9184
Armenia,ARM,1.7292,1.7833,1.8716,2.0072,2.1347,2.2645,2.3914,2.5006,2.5708,2.6773,2.8161,2.9889,3.1453,3.2787,3.4042,3.579,3.7171,3.8438,3.976,4.0091,4.1671,4.0884,4.1657,4.2254,4.2635,4.598,4.6106,4.8048,4.9369,4.8335,4.5318,4.368,4.0487,2.8946,2.9642,3.4881,2.6051,3.2756,3.4039,3.0558,3.4625,3.5394,3.0411,3.4258,3.642,4.3492,4.3785,5.06,5.5546,4.3565,4.2136,4.9574,4.9119,4.555,4.4976
Aruba,ABW,,,,,,,,,,,,,,,,,,,,,,,,,,,0.17954,0.44701,0.61189,0.64853,1.8393,1.9273,1.7221,1.7697,1.7624,1.7807,1.799,1.8357,1.7111,1.7477,2.3193,2.356,2.3706,2.4146,2.4182,2.4952,2.4952,2.5904,2.5062,2.5208,2.4549,2.4366,2.4275,2.397,2.4274
Australia,AUS,88.1302,90.5155,94.8353,100.9469,108.8904,120.868,120.2342,129.1597,134.5128,142.1412,147.498,152.6496,157.3578,170.8523,172.2153,175.7401,174.1023,187.6334,201.8498,204.9019,220.5655,230.1725,233.9281,224.8194,236.4013,241.0326,239.7685,255.8974,260.9318,277.5443,276.1376,277.5903,282.5302,286.8044,291.3759,302.5764,309.5243,317.7723,331.1232,340.6054,346.6209,354.2665,358.2963,364.6051,376.6699,380.4405,385.9693,393.9183,399.0842,398.6688,399.3648,398.1614,397.8306,390.0766,381.5875
Austria,AUT,30.7959,31.8365,33.8773,36.9624,38.9117,38.1569,39.2268,39.9339,42.3155,44.6568,50.6511,52.1131,56.1471,60.1152,57.4222,54.3481,58.3675,56.1728,57.4369,61.5442,52.2633,56.0848,53.8242,51.9409,54.5057,54.6559,54.0367,57.697,53.2965,54.0733,62.0177,65.6021,60.1002,60.4822,60.8771,63.924,67.3653,67.1625,66.744,65.3432,65.9929,70.0293,71.7476,77.801,78.2292,79.3929,76.6331,73.9801,73.8045,67.5678,72.3661,70.3537,67.7335,67.7047,63.1523
Azerbaijan,AZE,24.6142,25.3838,26.6415,28.5712,30.3855,32.2333,34.0402,35.594,36.5941,38.1104,40.0848,42.5452,44.7712,46.6708,48.4572,50.9451,52.9104,54.7143,56.5963,57.0672,59.3168,58.1961,59.2965,60.1465,60.6878,65.4501,65.6289,68.3938,70.2733,68.8014,64.5077,62.1764,57.6311,49.3248,42.638,33.4523,31.4848,29.7847,31.6496,28.5536,29.4842,28.7477,29.5905,30.5907,32.0637,34.3097,39.1352,30.4845,35.4748,31.8768,30.653,33.4303,35.1216,36.1921,37.6939
Bahamas,BHM,0.41037,0.54594,0.72547,0.70715,1.0845,1.3154,1.0919,1.7038,1.6305,1.7441,2.5721,6.7271,6.4853,7.8666,7.383,8.2477,6.4596,9.7096,6.6025,6.925,7.9839,2.7993,2.2607,2.0152,1.854,1.5096,1.4106,1.4216,1.5389,1.9456,1.9492,1.7807,1.7917,1.7001,1.6854,1.6818,1.6671,1.363,1.6781,1.6744,1.6671,1.5682,1.5755,1.5169,1.7221,1.5975,1.5206,1.5462,1.0442,1.6415,2.4622,1.9053,1.8948,1.8711,1.895
Bahrain,BHR,0.57525,1.7697,1.5902,1.1945,1.5975,1.2274,0.64853,1.0039,1.1029,1.2714,2.5904,3.0375,3.6787,5.518,5.4007,5.7488,6.5696,7.4636,7.7604,8.1268,7.8813,8.5188,9.8305,8.222,9.2003,10.1859,11.003,11.4207,12.1535,11.7285,12.6555,12.3257,11.4463,15.6892,15.9567,16.008,15.6086,17.3051,18.3896,18.0049,18.6278,13.9159,15.6856,16.455,17.4956,19.192,18.8146,21.995,23.9919,21.6872,23.2334,23.4203,24.2528,25.5961,25.4886
Bangladesh,BGD,2.2119,2.2905,2.5168,2.8933,2.9747,3.1214,3.1764,3.3712,3.8657,3.7494,3.8033,3.6062,3.5064,4.5507,4.6569,4.8658,5.5656,5.8074,6.0126,6.6428,7.6321,7.9252,8.5921,8.2293,9.116,10.2262,11.4537,11.853,13.5348,13.4432,15.5207,15.9274,17.7338,17.393,18.9539,22.7974,24.0102,25.0434,24.0285,25.2156,27.8464,32.4301,33.6795,33.8554,39.7178,37.523,48.0973,46.8479,49.5409,52.7469,56.1068,57.0228,60.6747,63.6569,66.7734
Barbados,BRB,0.17221,0.19419,0.26014,0.19053,0.17954,0.20518,0.26747,0.33709,0.43968,0.47998,0.42869,0.48365,0.50197,0.47998,0.49098,0.56792,0.53128,0.5899,0.63021,0.6009,0.67418,0.68517,0.64486,0.68517,0.74746,0.84638,0.916,0.94165,0.94531,0.98928,1.0736,1.2055,0.97829,1.1139,0.74746,0.82806,0.85005,0.90134,1.1395,1.2091,1.1871,1.2201,1.2274,1.2677,1.2934,1.352,1.3703,1.429,1.6268,1.6232,1.5169,1.5645,1.5381,1.526,1.5433
Belarus,BLR,37.3352,38.5025,40.4102,43.3373,46.0893,48.892,51.6326,53.9896,55.5064,57.8064,60.8013,64.5332,67.9097,70.791,73.5007,77.2743,80.2554,82.9916,85.8461,86.5605,89.9726,88.2728,89.9418,91.2312,92.0523,99.2758,99.547,103.7408,106.5917,104.359,103.8068,97.4754,90.0602,77.2042,64.5062,57.5998,58.5538,59.868,58.0648,55.4041,53.3193,52.347,52.5288,52.8913,56.2585,56.6698,59.1285,58.28,60.3287,56.8086,58.298,55.3809,57.4907,57.8481,58.3279
Belgium,BEL,90.9258,92.7175,98.0376,105.6954,103.5776,105.3547,105.1202,107.3845,118.4608,123.5171,125.5176,121.4286,130.7279,138.7593,135.11,122.0002,129.9035,126.4666,135.7439,140.1187,135.1906,123.9201,117.4568,101.5478,105.3363,104.3874,102.7899,103.0317,100.2727,107.3735,118.9888,121.4466,119.909,118.9121,123.401,124.3236,128.3541,122.7231,128.9664,123.4476,125.1517,125.1364,125.4594,127.2759,128.0719,124.3436,121.5371,117.0694,119.4525,106.8273,113.4292,104.2707,100.6594,101.9316,99.6045
Belize,BLZ,0.043968,0.03664,0.069616,0.062288,0.084272,0.084272,0.080608,0.12091,0.10259,0.13557,0.12091,0.1429,0.15755,0.14656,0.15389,0.17587,0.17587,0.19786,0.21618,0.20885,0.19053,0.1832,0.17221,0.17221,0.17221,0.19053,0.20518,0.22717,0.24915,0.30045,0.31144,0.35907,0.35541,0.37739,0.37373,0.37739,0.30778,0.38838,0.37006,0.6009,0.68883,0.71082,0.3664,0.38472,0.39571,0.41403,0.43235,0.458,0.45067,0.46899,0.55326,0.5496,0.55426,0.54982,0.55656
Benin,BEN,0.16122,0.12824,0.13557,0.12091,0.1429,0.15022,0.11358,0.1429,0.15389,0.20152,0.28213,0.29312,0.38838,0.38106,0.4067,0.44334,0.26014,0.29678,0.36274,0.3664,0.51662,0.42869,0.50197,0.46166,0.51296,0.74379,0.6925,0.53861,0.56059,0.6412,0.71448,0.82806,0.90501,1.1322,1.2641,1.3264,1.2641,1.2164,1.2128,1.5609,1.5975,1.8137,2.0775,2.3523,2.5062,2.3926,3.8692,4.4921,4.4847,4.7485,5.1479,4.983,5.3044,5.4598,5.6065
Bermuda,BMU,0.15755,0.17587,0.15755,0.15022,0.20152,0.17954,0.20152,0.21251,0.2235,0.19786,0.22717,0.23083,0.25282,0.42502,0.44334,0.458,0.46899,0.45434,0.42502,0.46166,0.43602,0.38838,0.39571,0.45067,0.44334,0.45067,0.42502,0.57525,0.64853,0.7841,0.59723,0.5093,0.4067,0.47998,0.47266,0.46533,0.47632,0.47632,0.46166,0.49464,0.49464,0.49464,0.52395,0.5093,0.67051,0.44334,0.52029,0.51662,0.38838,0.46533,0.47632,0.39205,0.39059,0.38568,0.39058
Bhutan,BTN,,,,,,,,,,,0.003664,0.003664,0.003664,0.003664,0.003664,0.003664,0.003664,0.007328,0.010992,0.021984,0.021984,0.025648,0.032976,0.029312,0.051296,0.062288,0.05496,0.10259,0.10992,0.062288,0.12824,0.18686,0.21618,0.18686,0.21251,0.24915,0.30411,0.39571,0.38472,0.38472,0.39938,0.38838,0.4177,0.37739,0.30778,0.39571,0.39205,0.39205,0.42136,0.38838,0.48731,0.56059,0.57272,0.57824,0.59505
Bolivia,BOL,1.0039,1.0406,1.0992,1.2128,1.4803,1.5096,1.6891,1.8906,2.1764,2.5465,2.4842,3.0594,3.5687,3.4552,3.5138,4.056,4.5763,4.4774,5.0233,4.7339,4.6643,4.7888,4.3455,4.2869,4.0377,4.122,3.7739,4.0267,4.3052,4.9904,5.5216,5.7928,6.6685,8.0571,8.9292,9.4531,10.0064,11.0176,11.4463,11.2338,10.2152,9.8159,9.5594,14.1174,13.0732,12.0582,14.7183,12.4356,13.5458,14.2346,15.3375,16.1069,17.3529,18.2128,18.324
Bosnia and Herzegovina,BIH,1.6166,1.6944,1.7388,1.9344,2.1915,2.2549,2.2344,2.2569,2.4138,2.5027,3.2705,3.5248,3.3037,3.9466,3.9639,4.136,4.2689,4.1514,4.6392,5.0461,4.9619,5.4001,4.9611,5.3422,5.6337,5.7468,6.0018,5.9641,6.1725,6.1589,6.154,4.3529,4.133,2.9459,3.228,3.4258,4.2539,8.3869,10.5853,10.3691,13.7766,13.3516,14.2896,14.4765,15.5976,16.1912,17.5506,17.5762,20.0714,20.599,21.1303,23.7281,22.156,22.9927,21.3566
Botswana,BWA,,,,,,,,,,,,,0.021984,0.051296,0.087936,0.18686,0.59357,0.78043,0.83173,0.94165,0.98562,1.0076,1.0992,1.0296,1.0442,1.1578,1.3227,1.5352,1.6158,1.7734,2.1764,2.1471,3.272,3.4955,3.4918,3.5211,3.1364,3.2097,3.8289,3.5431,4.2722,4.3308,4.4811,4.2612,4.3748,4.613,4.6423,4.6972,4.9757,4.3968,5.2285,4.8511,4.9136,5.4369,5.7319
Brazil,BRA,46.8699,49.1636,53.652,55.5719,56.6894,56.3523,64.2519,66.1389,77.358,84.2464,93.6848,102.5517,114.2692,132.3547,143.3393,151.0411,155.0275,162.8282,176.7807,188.1684,186.9373,171.6657,172.0358,166.4958,168.6686,181.1005,198.7207,207.3604,209.1924,213.8494,208.7161,219.1512,220.5252,230.5499,241.9559,258.1361,284.5499,300.3014,312.0336,319.9112,327.7155,337.1576,331.995,321.3584,337.5497,347.0248,347.3838,362.9155,387.3581,366.847,419.4108,439.0535,455.864,489.9475,507.2899
British Virgin Islands,VGB,,,0.003664,0.003664,0.007328,0.007328,0.010992,0.003664,0.014656,0.01832,0.01832,0.021984,0.021984,0.025648,0.025648,0.025648,0.025648,0.029312,0.029312,0.029312,0.029312,0.043968,0.03664,0.040304,0.040304,0.047632,0.05496,0.062288,0.065952,0.065952,0.065952,0.065952,0.069616,0.07328,0.080608,0.084272,0.095264,0.098928,0.10259,0.10259,0.10259,0.10626,0.11358,0.12091,0.12458,0.1319,0.1429,0.15022,0.16122,0.16488,0.17221,0.17587,0.17522,0.17302,0.17521
Brunei Darussalam,BRN,0.33342,0.30411,0.37006,0.35541,0.34075,0.33342,0.49098,0.43968,0.42869,0.48731,8.2037,7.5112,9.4531,9.9734,8.178,7.0752,6.02,6.39,9.5337,7.4343,6.8773,1.4693,2.0921,2.704,1.9163,2.5941,2.2973,3.3159,5.7122,6.3424,6.2068,5.5436,5.4997,5.2688,4.9977,5.093,5.1662,5.3568,5.5656,4.2283,6.1006,5.7488,4.8511,4.8731,4.8438,4.6166,4.2686,9.0464,10.021,8.5664,8.5957,9.7352,9.7894,10.0153,9.9237
Bulgaria,BGR,22.2771,25.9521,30.7116,34.383,42.8285,46.28,48.7275,55.1212,59.4777,66.3221,61.1888,64.2482,66.1169,68.7696,71.2025,73.0015,73.0565,75.9071,81.3445,79.0874,77.424,80.2782,90.0575,90.292,87.2948,89.4676,91.4534,91.5597,87.2179,86.6683,80.2316,61.4891,57.9018,58.447,56.2911,58.0431,58.3959,55.6259,52.6357,46.1574,45.5228,49.2558,46.2603,50.5045,49.433,50.3044,51.6889,55.4658,53.7078,45.4168,47.7214,53.1974,48.3639,42.9312,45.8004
Burkina Faso,BFA,0.043968,0.0916,0.084272,0.087936,0.10992,0.10259,0.10259,0.10259,0.10259,0.12091,0.1429,0.15022,0.16122,0.16854,0.20518,0.21984,0.20885,0.24915,0.34808,0.4067,0.43235,0.55693,0.57525,0.59357,0.46533,0.47632,0.47998,0.51662,0.55326,0.82074,0.58624,0.62654,0.63021,0.62654,0.64486,0.62654,0.70715,0.80608,0.86104,0.93066,1.0406,0.99661,1.0039,1.0772,1.1029,1.1248,1.3593,1.6451,1.6964,1.6635,1.6818,1.9309,2.0735,2.1385,2.1998
Burundi,MMR,0.036431,0.047737,0.043968,0.047632,0.047632,0.03664,0.047632,0.047632,0.05496,0.07328,0.062288,0.07328,0.07328,0.07328,0.0916,0.076944,0.087936,0.098928,0.10259,0.10992,0.14656,0.15755,0.15755,0.20518,0.21984,0.23083,0.24182,0.26747,0.25648,0.30045,0.29312,0.33709,0.30778,0.3261,0.33342,0.32243,0.31877,0.30411,0.29312,0.28579,0.28946,0.20518,0.21251,0.16122,0.19786,0.15389,0.18686,0.18686,0.19053,0.19053,0.19419,0.20885,0.22282,0.23178,0.2392
Cambodia,KHM,0.2345,0.28579,0.30778,0.38838,0.34075,0.40304,0.46899,0.4177,0.49098,1.3447,1.1725,0.24915,0.11725,0.12824,0.07328,0.07328,0.07328,0.07328,0.051296,0.029312,0.28579,0.30045,0.33709,0.3664,0.41037,0.4177,0.43235,0.43602,0.45067,0.45067,0.45067,0.46166,0.47632,0.47632,0.53861,1.5499,1.6158,1.5389,1.9492,1.8943,1.9749,2.2497,2.2057,2.3779,2.4439,2.7736,2.9972,3.4808,3.9718,4.1293,4.1843,4.4921,4.6726,4.7106,4.8684
Cameroon,CMR,0.27114,0.28213,0.28946,0.30045,0.33709,0.31144,0.34442,0.458,0.50563,0.57158,0.63754,0.80974,0.86104,0.89768,0.97462,1.1615,1.0919,1.5645,2.0005,1.8283,3.9022,5.3384,6.3387,6.5842,6.0529,6.4706,2.0042,1.854,2.2094,7.6321,1.7367,1.1102,3.7922,3.8948,3.8142,4.3602,4.5983,3.2133,3.206,3.0778,3.4295,3.4185,3.4148,3.7922,3.9535,3.6933,3.8582,5.8294,5.54,6.6685,6.7015,5.6572,6.1456,6.258,6.3865
Canada,CAN,192.7374,194.0235,207.016,210.9365,237.6067,251.9476,259.1071,281.6663,303.2913,307.1495,341.2063,352.3192,380.8252,381.3088,389.6517,396.8185,398.9913,407.8179,415.5562,441.7062,442.8713,429.6516,414.4717,408.3528,425.2475,421.7337,404.7218,430.9963,455.6807,462.8951,459.038,450.1266,464.3963,463.8859,478.2288,490.9458,507.3074,521.2817,530.1039,545.7934,567.7383,561.2532,566.9542,584.1158,583.133,576.7409,571.7515,594.659,576.5747,542.5212,554.4082,557.2897,550.5466,556.855,557.9611
Cape Verde,CPV,0.021984,0.021984,0.01832,0.014656,0.029312,0.025648,0.021984,0.01832,0.029312,0.03664,0.03664,0.03664,0.051296,0.062288,0.065952,0.076944,0.07328,0.080608,0.20885,0.24915,0.12091,0.032976,0.03664,0.03664,0.084272,0.084272,0.058624,0.080608,0.07328,0.080608,0.087936,0.0916,0.10259,0.10259,0.10992,0.11358,0.13923,0.1429,0.15389,0.17221,0.18686,0.20885,0.24549,0.25282,0.26381,0.29312,0.30778,0.37006,0.28579,0.30411,0.29312,0.42502,0.4566,0.47101,0.48461
Cayman Islands,CYM,0.010992,0.010992,0.010992,0.010992,0.010992,0.010992,0.01832,0.014656,0.021984,0.043968,0.03664,0.043968,0.05496,0.058624,0.05496,0.058624,0.069616,0.07328,0.095264,0.095264,0.16488,0.15755,0.16488,0.17221,0.18686,0.19419,0.20518,0.21618,0.22717,0.26014,0.25282,0.2748,0.31144,0.33342,0.3664,0.3664,0.38838,0.4067,0.42502,0.42136,0.45434,0.45434,0.46899,0.47998,0.46166,0.47998,0.48365,0.58258,0.59357,0.56059,0.56426,0.58258,0.58042,0.57312,0.58039
Central African Republic,CAF,0.087936,0.087936,0.07328,0.07328,0.07328,0.087936,0.084272,0.0916,0.1832,0.18686,0.20885,0.1832,0.16854,0.16122,0.11358,0.10259,0.12824,0.12824,0.14656,0.10259,0.10626,0.13557,0.1429,0.14656,0.15022,0.16122,0.16122,0.26014,0.23083,0.24915,0.19786,0.20518,0.21618,0.2235,0.2345,0.2345,0.2345,0.24549,0.24915,0.26381,0.26747,0.24549,0.24549,0.2345,0.21251,0.21251,0.22717,0.2345,0.2345,0.2345,0.26381,0.28579,0.30702,0.31671,0.32586
Chad,TCD,0.05496,0.051296,0.084272,0.0916,0.098928,0.10626,0.084272,0.11725,0.12458,0.16122,0.12458,0.15022,0.12091,0.16122,0.15022,0.1832,0.1832,0.19786,0.19419,0.20152,0.20885,0.20885,0.20518,0.20518,0.21618,0.17954,0.18686,0.19786,0.065952,0.10259,0.14656,0.069616,0.087936,0.098928,0.10259,0.10259,0.10626,0.11358,0.11358,0.12091,0.17587,0.17221,0.16854,0.38106,0.37739,0.39938,0.4067,0.46166,0.5093,0.49098,0.51662,0.53861,0.57862,0.59688,0.61412
Chile,CHL,13.4799,14.4618,16.7115,17.3417,17.5103,17.7521,18.778,19.2433,21.2072,22.5373,24.6441,27.0733,28.1688,27.6302,25.9338,22.9953,24.0835,23.0905,22.9293,24.8419,25.245,24.5341,20.599,20.8225,22.1819,21.4857,22.2295,22.6545,26.9048,32.3604,33.2874,31.2979,32.4484,34.5992,38.0726,41.711,48.4601,56.3487,57.5944,61.4636,58.7669,53.5054,55.2898,55.5572,60.0053,61.7677,64.7612,71.5799,71.7924,66.7508,72.1991,79.3439,81.4768,84.9441,81.526
China,CHN,780.0876,551.6152,439.9988,436.3384,436.5656,475.5835,522.3618,432.8796,468.545,576.7649,770.9862,875.9158,930.8136,967.7503,987.2062,1144.6702,1195.2151,1309.2388,1460.9724,1493.6369,1465.992,1450.3138,1578.9678,1665.6654,1813.4235,1964.9446,2067.2764,2207.9008,2367.5632,2406.5702,2458.7309,2582.4238,2693.7765,2876.3389,3055.7394,3317.5688,3460.256,3466.6716,3321.6248,3315.3411,3402.3941,3484.7132,3691.2199,4521.4749,5283.8397,5785.2801,6409.2154,6786.2483,7029.6881,7685.9178,8250.2141,9012.1393,9244.1348,9569.2672,9679.8208
Colombia,COL,16.3964,18.2028,19.4265,21.2402,21.6909,22.867,23.4826,24.6954,26.5823,28.0259,28.3813,30.3013,31.4554,33.6722,36.4495,35.8669,38.058,39.322,41.6487,44.3967,44.3197,44.4223,45.8769,49.409,48.94,48.3392,49.061,50.446,52.4025,53.1903,57.2903,57.0741,61.9985,63.9698,67.5165,59.5656,60.478,64.8565,65.9227,56.4659,57.8765,56.2277,55.6159,57.3746,55.026,60.8957,62.8889,62.3796,65.1056,67.3773,78.5195,72.364,75.7347,78.0067,81.2304
Comoros,COM,0.010992,0.010992,0.010992,0.010992,0.010992,0.014656,0.01832,0.01832,0.01832,0.01832,0.029312,0.029312,0.029312,0.029312,0.029312,0.032976,0.040304,0.040304,0.029312,0.021984,0.047632,0.047632,0.047632,0.047632,0.047632,0.05496,0.051296,0.058624,0.062288,0.062288,0.076944,0.076944,0.076944,0.076944,0.076944,0.080608,0.065952,0.065952,0.07328,0.080608,0.084272,0.087936,0.0916,0.098928,0.10259,0.10992,0.12091,0.11725,0.12091,0.12091,0.1319,0.15755,0.16926,0.1746,0.17964
Congo,COG,0.2235,0.26747,0.23816,0.2345,0.26747,0.24549,0.30778,0.32243,0.45067,0.50197,0.57158,0.68517,0.66318,1.2201,1.6232,1.0992,1.2348,0.47998,0.32243,0.34808,0.4067,0.47266,1.3447,1.1432,1.1395,1.2787,1.0662,1.3227,1.4986,1.5059,1.1871,1.2641,1.5719,1.5425,2.1471,1.5645,1.7148,2.3413,0.77677,0.82074,1.0479,0.76578,0.57525,0.916,0.94898,1.2384,1.1175,1.2128,1.308,1.7038,1.9236,2.246,2.4621,2.5041,2.5555
Cook Islands,COK,,,,,,,,,,0.010992,0.010992,0.010992,0.010992,0.010992,0.010992,0.014656,0.014656,0.029312,0.029312,0.025648,0.029312,0.065952,0.051296,0.051296,0.021984,0.021984,0.021984,0.021984,0.021984,0.021984,0.021984,0.021984,0.021984,0.021984,0.021984,0.021984,0.021984,0.021984,0.021984,0.029312,0.029312,0.032976,0.029312,0.032976,0.05496,0.062288,0.065952,0.065952,0.069616,0.069616,0.069616,0.069616,0.072082,0.072722,0.075401
Costa Rica,CRI,0.49098,0.49098,0.5496,0.6009,0.67418,0.84638,0.99294,0.8757,1.0369,1.1468,1.2494,1.5279,1.7624,2.0445,1.9053,2.0372,2.0848,2.6124,2.9202,2.792,2.4622,2.2497,2.0848,2.1031,2.0005,2.2644,2.6051,2.7553,2.9385,2.9715,2.9532,3.3342,3.7886,3.9498,5.2652,4.8621,4.7449,4.983,5.3128,5.518,5.4704,5.7561,6.3204,6.6208,6.925,6.8627,7.0935,8.1158,8.3209,7.5955,7.5625,7.8373,7.7783,7.698,7.791
CÃ´te d'Ivoire,CIV,0.46166,0.55326,0.58624,0.62288,0.76211,1.1725,1.2934,1.4876,1.7624,2.0848,2.4402,2.704,3.0118,3.206,3.5577,3.9864,3.9608,4.0524,4.8145,5.4191,6.2178,4.4628,6.1042,4.8365,5.4007,7.3207,5.9613,7.6761,9.1527,8.5151,5.7928,5.6316,4.6203,5.888,5.2468,7.1265,8.3722,8.1671,6.9066,6.2618,6.7857,7.72,7.2804,5.4557,7.6578,7.819,6.9909,6.8773,6.8663,5.8514,5.8807,6.4413,6.817,6.6872,6.6883
Croatia,HRV,6.5551,6.8709,7.0508,7.8437,8.8866,9.1433,9.0603,9.1516,9.788,10.1484,13.2619,14.2931,13.3965,16.0033,16.0733,16.7715,17.3104,16.834,18.8119,20.4616,20.1204,21.8972,20.117,21.6624,22.8446,23.3032,24.3372,24.1841,25.0292,24.9743,23.3396,17.3614,16.7148,17.1705,16.4983,17.2138,17.8454,18.9386,19.634,20.5453,20.0995,21.0408,22.1109,23.5341,23.1594,23.5014,23.7339,25.0183,23.7707,21.9911,21.3304,20.918,19.2332,18.8458,18.5622
Cuba,CUB,13.6887,12.1718,14.1577,13.0292,14.2823,14.5974,15.1726,15.7369,16.0227,17.2464,18.6571,19.5914,20.7822,22.3797,22.8927,27.044,27.2015,29.378,30.664,31.6863,31.3748,32.7232,34.5259,30.8179,32.5766,32.551,33.5403,33.925,35.6068,35.7093,33.467,29.6308,31.3602,29.356,32.2212,25.6883,26.9744,24.6294,24.4792,25.3109,26.062,25.4318,26.0694,25.4648,24.9848,25.9851,27.3847,26.7728,30.4185,29.8726,38.3291,35.8925,36.2106,36.1044,36.52
Cyprus,CYP,0.88669,0.8647,0.90501,0.98562,1.0003,1.1505,1.2421,1.363,1.6232,1.6708,1.7038,1.8833,2.4036,2.4988,1.9236,1.9786,2.4622,2.6674,2.8066,3.0008,3.206,3.0448,3.0997,3.0961,3.1804,3.0997,3.5431,4.1183,4.1257,4.3382,4.6269,5.0702,5.4132,5.6755,5.9149,5.7767,6.1206,6.2216,6.5168,6.7867,7.038,6.9069,7.1029,7.484,7.713,7.8579,8.0362,8.3109,8.4741,8.2033,7.8318,7.5662,7.0828,7.0807,7.1151
Czech Republic,CZE,99.1503,107.614,114.6801,120.6347,125.5473,122.3325,121.6434,121.3905,127.0033,134.828,154.5814,162.1809,163.6953,164.39,166.3239,174.0541,180.859,186.3023,188.0334,183.168,185.352,183.3736,181.6092,181.8982,188.0584,185.5243,186.8358,185.3743,182.4317,176.4465,164.6942,154.1803,139.8166,135.7645,126.7546,128.909,133.2354,129.7128,123.1571,116.2794,126.1298,126.1126,123.1717,126.5996,127.5706,126.1558,126.958,127.2372,121.7315,114.4719,117.1411,115.0693,111.3019,106.9562,105.2679
Democratic Republic of the Congo,COD,2.3193,2.356,2.1728,2.2937,1.9749,2.4695,2.4036,2.29,3.3672,3.6493,2.7114,2.9605,3.0191,3.1913,3.3672,3.2353,3.4112,3.4845,3.5358,3.7519,3.4991,3.7739,3.0704,4.0231,3.9608,3.6384,3.3745,3.8509,4.0157,4.3895,4.067,3.7519,3.6164,3.4075,2.4769,2.9642,3.2463,2.9239,2.5318,2.246,1.6451,1.6635,1.7807,1.8613,2.1361,2.4842,2.6381,2.8286,2.9898,2.9092,3.25,3.4222,3.4415,3.7774,3.9687
Denmark,DNK,29.7553,31.7083,36.8965,40.6741,43.1546,44.3014,50.0869,49.0353,53.2819,59.3531,62.0498,57.0155,59.595,59.2176,55.0333,55.7331,60.0859,61.797,61.0679,62.9475,60.3204,51.7467,53.652,50.1345,50.8197,60.0236,58.8548,58.2942,55.0626,48.7459,53.5326,64.2135,58.4829,60.7447,64.6937,61.5221,74.9113,65.5902,61.4719,58.8768,54.613,56.2237,55.8004,60.9878,55.5047,51.8644,59.8417,55.0638,51.601,49.1719,49.5807,44.7519,39.9846,41.9497,38.3058
Djibouti,DJI,0.040304,0.043968,0.047632,0.065952,0.084272,0.12091,0.13923,0.087936,0.12091,0.084272,0.13923,0.16122,0.19053,0.17954,0.19419,0.19786,0.19786,0.19786,0.20152,0.36274,0.34808,0.30045,0.34808,0.34808,0.35174,0.35907,0.37739,0.38838,0.35541,0.39571,0.37739,0.38106,0.39205,0.4067,0.40304,0.39938,0.4067,0.3664,0.39205,0.42136,0.36274,0.3261,0.4067,0.42869,0.41037,0.42136,0.4177,0.46166,0.4983,0.46166,0.51662,0.47266,0.50777,0.5238,0.53892
Dominica,DMA,0.010992,0.010992,0.010992,0.014656,0.014656,0.014656,0.014656,0.021984,0.021984,0.01832,0.025648,0.025648,0.025648,0.025648,0.029312,0.029312,0.029312,0.025648,0.025648,0.032976,0.03664,0.03664,0.040304,0.040304,0.043968,0.047632,0.047632,0.047632,0.05496,0.058624,0.058624,0.058624,0.058624,0.062288,0.069616,0.080608,0.07328,0.080608,0.076944,0.080608,0.10259,0.11358,0.10259,0.11358,0.10992,0.11358,0.10992,0.15022,0.12824,0.12824,0.13557,0.12458,0.12411,0.12255,0.12411
Dominican Republic,DOM,1.0406,1.0296,1.2421,1.2494,1.7477,1.5462,1.6708,1.5682,2.3486,2.6527,3.1071,3.5211,4.6716,5.9613,6.412,6.3351,6.3277,5.6096,5.4447,6.804,6.4523,6.1628,6.3351,7.9069,7.4379,7.2877,8.1744,9.7462,9.8268,10.3581,9.2223,10.0357,10.9151,11.7541,12.4649,15.8724,17.3124,17.9866,18.3823,18.5472,19.7746,19.8003,21.3135,21.4967,18.2944,18.6241,19.694,21.2842,21.3978,20.5294,21.3465,21.8704,22.483,22.6625,22.9706
Ecuador,ECU,1.7624,1.6451,1.5645,1.7954,2.1434,2.2753,2.4182,2.5904,3.1144,3.5907,4.2796,4.2209,4.591,5.2578,6.0859,7.3573,8.1048,7.4782,10.4168,12.1572,13.4322,16.6785,19.2726,19.5401,21.2402,19.4155,15.2642,15.103,17.2574,20.2509,16.8214,16.4733,22.2844,24.1677,13.6264,22.7937,23.871,18.2614,22.2112,21.2549,20.9251,23.4276,24.6697,26.5017,28.6342,29.8836,28.8357,31.2832,29.803,34.5735,34.2218,35.6984,37.0677,38.857,40.5105
Egypt,EGY,16.041,17.0742,18.5801,21.537,25.5014,27.6192,26.542,19.661,22.8853,19.6793,21.6689,23.0282,25.4904,23.7757,26.1023,31.0744,34.4672,37.8345,39.2817,42.9128,45.2028,50.9369,56.4769,57.0448,63.7866,63.8855,74.5038,74.7493,74.4708,72.1222,75.8814,78.6514,81.1979,93.0803,85.243,95.6451,101.9471,108.1136,122.1431,125.2905,141.2106,125.3491,127.0895,147.8424,150.7883,167.0711,178.4698,193.1844,196.6359,197.9073,204.5098,220.6094,236.6715,231.0368,237.446
El Salvador,SLV,0.61922,0.58258,0.64853,1.1248,1.2311,1.0406,1.3044,1.1578,1.2604,1.1908,1.429,1.5096,1.6781,1.9676,1.9712,2.1068,2.2094,2.2863,2.3889,2.3889,2.1324,1.832,1.766,1.9016,1.6048,1.9859,1.9896,2.4476,2.4695,2.5868,2.6161,3.228,3.4258,3.8875,4.4261,5.2762,4.8914,5.7561,5.8074,5.6939,5.7378,5.943,6.0346,6.5476,6.3607,6.4486,6.8407,6.9726,6.5402,6.4376,6.3021,6.6795,6.6931,6.6169,6.6928
Equatorial Guinea,GNO,0.021984,0.021984,0.021984,0.025648,0.025648,0.029312,0.025648,0.025648,0.029312,0.043968,0.03664,0.065952,0.087936,0.029312,0.051296,0.062288,0.062288,0.062288,0.069616,0.062288,0.058624,0.069616,0.07328,0.062288,0.080608,0.065952,0.080608,0.098928,0.10626,0.11725,0.12091,0.20152,0.21618,0.10259,0.03664,0.1319,0.11725,0.29312,0.16854,0.47266,0.45434,3.0924,4.9757,6.0126,5.2139,4.7082,4.7485,4.7925,4.4994,4.6166,4.6753,6.6831,6.9323,6.6382,6.5201
Eritrea,ERI,,,,,,,,,,,,,,,,,,,,,,,,,,,,,,,,,,,0.2235,0.29312,0.34075,0.52762,0.5899,0.61922,0.60822,0.63021,0.60456,0.72547,0.76944,0.76578,0.56059,0.57891,0.41403,0.51296,0.51296,0.52029,0.55731,0.5742,0.59015
Estonia,EST,9.8134,10.1203,10.6217,11.3911,12.1144,12.8511,13.5715,14.191,14.5897,15.1942,15.9814,16.9623,17.8498,18.6072,19.3194,20.3113,21.0949,21.8141,22.5644,22.7522,23.649,23.2022,23.6409,23.9798,24.1957,26.0943,26.1656,27.2679,28.0173,27.4304,36.7008,33.6955,24.2086,18.8011,19.6649,17.9978,18.7082,18.2538,16.6752,15.5232,15.1491,15.5035,15.0094,16.8364,17.0842,16.4217,15.8431,18.8735,17.3656,14.158,17.8033,18.4272,17.0793,17.5945,16.4024
Ethiopia,ETH,0.35174,0.34075,0.39571,0.42136,0.4067,0.64486,0.8244,1.0736,1.7257,1.6671,1.6525,1.8503,1.407,1.7514,1.7367,1.2091,1.1761,1.0479,1.3703,1.8467,1.821,1.865,1.4803,1.843,1.6635,1.8137,2.2131,2.5795,2.6711,2.8249,3.0155,2.9825,2.9642,3.0265,2.9459,2.1434,3.7409,4.2686,5.0197,5.06,5.8148,4.3052,4.4774,4.9427,5.2395,5.049,5.4154,5.91,6.3644,6.5549,6.6135,7.5368,7.7675,7.9554,8.1329
Faeroe Islands,FRO,0.058624,0.11358,0.11725,0.12458,0.12091,0.13557,0.13923,0.16854,0.1832,0.21251,0.25648,0.26014,0.2345,0.25282,0.30045,0.34808,0.32976,0.4067,0.39938,0.47998,0.42136,0.43968,0.458,0.48731,0.4983,0.51662,0.49098,0.4983,0.52762,0.57891,0.62288,0.59357,0.60456,0.66685,0.58624,0.68883,0.60822,0.59357,0.63021,0.63754,0.68883,0.76211,0.7328,0.74746,0.76578,0.72181,0.67784,0.68883,0.63021,0.57525,0.63021,0.56792,0.54354,0.5434,0.54626
Falkland Islands (Malvinas),FLK,0.19419,0.15389,0.047632,0.047632,0.010992,0.010992,0.010992,0.01832,,,0.010992,0.010992,0.010992,0.014656,0.014656,0.014656,0.014656,0.014656,0.014656,0.014656,0.014656,0.025648,0.021984,0.021984,0.025648,0.029312,0.032976,0.03664,0.040304,0.040304,0.03664,0.03664,0.03664,0.03664,0.03664,0.040304,0.043968,0.047632,0.03664,0.03664,0.03664,0.043968,0.043968,0.047632,0.051296,0.051296,0.058624,0.058624,0.058624,0.058624,0.05496,0.05496,0.055579,0.05527,0.056207
Fiji,FJI,0.19419,0.16854,0.23083,0.24182,0.42502,0.34442,0.32243,0.35541,0.39571,0.43235,0.52029,0.5496,0.57891,0.63021,0.67051,0.62288,0.48365,0.76578,0.71082,0.83906,0.79509,1.0809,0.83906,0.71448,0.58258,0.57891,0.60456,0.47632,0.55326,0.63021,0.81707,0.67418,0.72181,0.76211,0.81707,0.86837,0.89402,0.73646,0.70349,0.80242,0.8647,1.1139,0.83539,0.86104,1.1322,1.363,1.3593,1.2018,1.0772,0.84638,1.2934,1.2348,1.2764,1.2872,1.3325
Finland,FIN,15.092,14.9271,16.7958,19.3423,22.834,25.3072,29.4952,28.5939,33.2874,37.9041,40.3626,40.5495,44.1256,49.3468,46.6427,46.0638,51.2374,50.1785,51.8712,54.2895,58.199,51.4682,43.0483,41.5424,42.2203,49.6252,53.2856,57.6091,52.1424,52.5418,56.6442,55.0656,54.215,56.124,61.4198,57.8963,63.6992,62.3554,59.0755,58.6573,56.8295,62.0677,64.575,72.3657,68.4859,56.5324,67.9432,66.2433,57.9931,55.0667,63.4883,56.4033,50.7333,50.8102,47.2822
France,FRA,270.9968,280.9812,298.4621,333.7464,345.0206,351.5645,346.9515,371.7055,384.317,412.9218,438.6541,462.056,480.3357,516.177,498.6631,446.5537,505.1887,480.464,505.4451,528.7225,504.9505,454.3287,436.5363,422.2577,405.0112,400.5521,385.2989,377.1832,371.9033,390.3296,396.4415,420.6197,410.4197,388.7382,388.9045,395.4621,408.3029,401.8417,423.4024,414.9759,411.7564,412.7951,408.2493,416.6975,418.4082,421.6852,412.2395,402.9344,396.3759,377.5979,386.1138,359.6137,363.3447,365.1873,331.0109
French Guiana,GUF,0.021984,0.021984,0.021984,0.025648,0.029312,0.03664,0.043968,0.069616,0.084272,0.084272,0.10259,0.10259,0.10259,0.11725,0.10259,0.11725,0.2748,0.34075,0.32976,0.54594,0.37373,0.3261,0.36274,0.38472,0.35541,0.3664,0.3664,0.4177,0.51662,0.67051,0.81341,0.83906,0.87936,0.8757,0.89402,0.90867,0.90501,0.89768,0.83906,0.67051,0.57158,0.63021,0.56059,0.7328,0.69616,0.65952,0.57525,0.67784,0.6925,0.69982,0.69982,0.71814,0.71465,0.70602,0.71461
French Polynesia,PYF,0.03664,0.058624,0.047632,0.065952,0.065952,0.084272,0.12091,0.13923,0.15389,0.16122,0.19419,0.22717,0.21618,0.20885,0.21618,0.21251,0.26381,0.2748,0.31144,0.28213,0.29312,0.32976,0.33709,0.42136,0.458,0.58624,0.60456,0.60822,0.57158,0.60822,0.63021,0.63754,0.64486,0.61555,0.53861,0.57158,0.57891,0.59723,0.59357,0.58258,0.63021,0.73646,0.73646,0.79875,0.78776,0.85005,0.85005,0.84272,0.86837,0.87203,0.88302,0.85738,0.88774,0.89562,0.92862
Gabon,GAB,0.1319,0.16488,0.087936,0.07328,0.19053,0.21618,0.38106,1.0113,1.9602,1.4326,2.0812,2.8433,2.737,5.3091,5.4484,5.3641,5.7048,6.3094,7.5552,6.7491,6.6282,6.5696,6.5512,5.5143,5.9906,6.3131,4.9647,4.0194,4.3308,5.7671,4.8401,1.4766,2.1288,3.2793,3.3489,3.8545,3.5321,3.5431,1.6305,1.4363,1.0516,1.7807,1.777,1.44,1.8503,2.1728,2.0812,1.9896,2.0555,2.1434,2.2424,2.235,2.3973,2.4331,2.4802
Gambia,GMB,0.01832,0.021984,0.025648,0.029312,0.029312,0.029312,0.032976,0.032976,0.03664,0.047632,0.047632,0.05496,0.065952,0.062288,0.062288,0.098928,0.098928,0.11358,0.13923,0.14656,0.15755,0.15755,0.16122,0.16122,0.17221,0.17221,0.16122,0.17954,0.1832,0.17954,0.19053,0.19786,0.19786,0.20885,0.20885,0.21618,0.21618,0.21618,0.2345,0.25648,0.2748,0.28213,0.3151,0.3151,0.32243,0.32243,0.33709,0.39571,0.41037,0.43602,0.47266,0.42136,0.45259,0.46646,0.4797
Georgia,GEO,6.5444,6.749,7.0834,7.5965,8.0789,8.5701,9.0505,9.4637,9.7296,10.1327,10.6577,11.3118,11.9037,12.4087,12.8837,13.5452,14.0677,14.5474,15.0477,15.1729,15.771,15.4731,15.7656,15.9917,16.1356,17.4018,17.4493,18.1844,18.6842,18.2928,17.1512,16.5314,15.3228,9.9441,6.0786,2.301,4.0634,4.4334,4.9574,4.3418,4.5324,3.7666,3.3855,3.7703,4.3199,5.0636,6.1445,6.4157,6.412,6.2654,6.5256,7.9252,7.6878,7.4321,7.2746
Germany,DEU,814.0712,834.9706,883.3061,945.6381,969.0767,960.2648,951.5884,936.3865,984.9565,1052.1726,1026.2095,1037.6558,1042.1515,1086.6142,1063.7288,1003.6026,1092.2714,1054.2024,1081.0192,1120.0518,1102.3181,1050.8279,1018.123,1014.2062,1035.9154,1046.7498,1050.3589,1035.4317,1032.266,1016.3533,1042.0657,1004.7353,957.5618,948.684,932.4852,930.857,951.8635,923.0802,915.1765,887.8907,891.5155,907.542,890.8759,893.5999,881.7434,861.7334,873.2466,848.5489,851.1115,785.6026,829.4015,810.4411,821.7177,841.1278,789.4155
Ghana,GHA,1.4619,1.3447,1.4326,1.7221,1.6488,1.7038,1.44,1.4949,1.7624,1.6891,2.6234,2.2937,2.4219,2.4732,2.9349,2.7443,2.4329,3.0008,2.9678,2.6564,2.5575,3.0448,3.0411,3.653,2.5795,3.3232,3.0448,3.2829,3.4478,3.3416,3.9278,4.0414,4.0927,4.6606,5.0673,5.4227,5.7525,6.39,6.3973,6.5439,6.2838,6.914,7.4159,7.6248,7.3427,6.9872,9.3505,9.8195,9.1307,7.7017,10.0943,10.0723,10.9417,11.0511,11.2197
Gibraltar,GIB,0.047632,0.051296,0.05496,0.05496,0.05496,0.047632,0.05496,0.062288,0.065952,0.065952,0.069616,0.080608,0.07328,0.084272,0.076944,0.087936,0.076944,0.076944,0.069616,0.0916,0.087936,0.051296,0.021984,0.03664,0.032976,0.043968,0.040304,0.047632,0.069616,0.069616,0.095264,0.10626,0.0916,0.33342,0.39938,0.34808,0.19419,0.12091,0.31144,0.32243,0.33342,0.34442,0.34442,0.35541,0.3664,0.38838,0.42136,0.4177,0.42502,0.46533,0.47266,0.45434,0.43483,0.43472,0.43701
Greece,GRC,9.3982,9.8159,10.1566,12.2488,13.2124,17.012,18.6351,19.5181,22.3028,25.4538,24.1458,27.7914,31.547,37.2262,36.1893,38.8421,42.8761,46.9615,48.0424,51.252,51.3876,50.6804,52.1057,55.4986,57.0082,60.5513,59.082,63.4202,67.9342,74.1227,82.9978,82.7681,84.4367,83.7423,85.9972,86.4417,88.5265,93.3076,98.2055,97.4941,102.5716,104.9757,104.7143,108.7888,109.1127,112.8944,111.3835,113.8486,110.0054,103.7126,96.7583,94.2507,90.4724,81.5188,76.218
Greenland,GRL,0.2235,0.29312,0.26381,0.32976,0.3151,0.34442,0.38838,0.4177,0.54227,0.4067,0.38106,0.46899,0.55326,0.55693,0.55693,0.50563,0.21984,0.72181,0.39205,0.57158,0.56426,0.52762,0.51662,0.36274,0.56792,0.5093,0.3261,0.2345,0.54594,0.47266,0.55693,0.5496,0.48365,0.50197,0.50563,0.50563,0.51662,0.52395,0.53128,0.54227,0.53128,0.53861,0.53861,0.53128,0.58258,0.60822,0.62654,0.63754,0.65952,0.57525,0.66318,0.70715,0.70453,0.69567,0.7045
Grenada,GRD,0.021984,0.01832,0.025648,0.014656,0.021984,0.021984,0.029312,0.03664,0.040304,0.047632,0.043968,0.047632,0.047632,0.05496,0.03664,0.047632,0.047632,0.047632,0.051296,0.047632,0.047632,0.058624,0.062288,0.062288,0.062288,0.062288,0.065952,0.07328,0.095264,0.10259,0.10992,0.11358,0.12091,0.12458,0.1429,0.15389,0.15755,0.17221,0.17587,0.19419,0.19053,0.19419,0.20518,0.21618,0.20518,0.21618,0.23083,0.23816,0.26014,0.25282,0.26014,0.25282,0.25188,0.24871,0.25187
Guadeloupe,GLP,0.15755,0.17587,0.18686,0.20518,0.21618,0.20518,0.25282,0.28946,0.27846,0.31144,0.30411,0.34075,0.37739,0.4067,0.38472,0.40304,0.49464,0.52395,0.52762,0.53861,0.62654,0.78776,0.76211,0.81341,0.8757,0.89035,0.94898,1.0113,1.1285,1.1871,1.2934,1.3593,1.4253,1.4509,1.4949,1.5169,1.5242,1.5425,1.5242,1.5865,2.0738,2.0921,2.0262,2.0445,1.832,1.7148,1.7074,1.7404,1.7367,1.7367,1.7367,1.7734,1.7672,1.7464,1.7671
Guatemala,GTM,1.3447,1.407,1.3813,1.5206,1.7697,1.9749,1.7404,1.9822,2.1398,2.279,2.2973,2.4402,2.7077,2.9349,3.0668,3.5211,3.3086,3.8106,4.1257,4.6899,4.5067,3.9644,3.6237,3.1767,3.4185,3.5211,3.697,3.9901,4.122,4.2429,5.082,5.049,6.0126,5.6536,6.8334,7.1595,6.6465,7.5918,8.746,8.9218,9.9075,10.6183,11.0873,10.4937,11.6112,12.4429,12.5162,12.6261,11.4317,12.4576,11.3584,11.2485,11.3276,11.2391,11.3987
Guinea,GIN,0.41037,0.61555,0.65952,0.69616,0.69982,0.69616,0.71814,0.72547,0.74746,0.74746,0.79142,0.81341,0.83173,0.80242,0.83906,0.84272,0.88669,0.90134,0.90134,0.94531,0.96363,0.98928,0.98195,0.95264,0.97829,0.99294,0.99661,0.99294,1.0259,1.0442,1.0552,1.0736,1.0736,1.1029,1.2274,1.2494,1.2714,1.2787,1.2421,1.2714,1.2787,1.2971,1.3227,1.341,1.341,1.1798,1.1798,1.2091,1.9969,2.1068,2.4842,2.5941,2.7868,2.8748,2.9578
Guinea-Bissau,GNB,0.01832,0.029312,0.040304,0.047632,0.058624,0.065952,0.065952,0.047632,0.062288,0.058624,0.069616,0.07328,0.065952,0.10992,0.10259,0.11358,0.095264,0.10259,0.10259,0.10992,0.14656,0.1429,0.1429,0.1429,0.16122,0.17221,0.1832,0.19419,0.21618,0.23083,0.25282,0.25648,0.26014,0.27846,0.27846,0.28213,0.28579,0.26381,0.17221,0.19419,0.14656,0.15022,0.15389,0.19419,0.20152,0.21251,0.21618,0.23083,0.22717,0.2345,0.23816,0.24549,0.26373,0.27205,0.27991
Guyana,GUY,0.65952,0.73646,0.67784,0.61555,0.64853,1.0772,1.1798,1.3227,1.33,1.3667,1.5792,1.4986,1.5609,1.8027,1.5535,1.8247,1.7514,1.898,2.0555,1.5206,1.788,1.799,1.4033,1.2458,1.4033,1.418,1.0442,1.308,1.4033,1.1945,1.1395,1.1212,1.0516,1.0516,1.3923,1.4729,1.5279,1.5975,1.6561,1.6781,1.6085,1.5938,1.5792,1.5645,1.6268,1.4363,1.2897,1.5609,1.5572,1.5645,1.7184,1.7807,1.7741,1.7518,1.774
Haiti,HTI,0.28579,0.29678,0.30411,0.24915,0.30045,0.30411,0.30411,0.26014,0.26381,0.3151,0.38472,0.40304,0.39205,0.42136,0.47266,0.48365,0.67418,0.70715,0.75478,0.75478,0.75112,0.76578,0.8244,0.89402,0.91234,0.94165,0.84272,0.91234,1.0223,1.0369,0.99294,0.99661,0.90867,0.66318,0.30045,0.90134,1.0332,1.3667,1.2311,1.33,1.3667,1.5682,1.8247,1.7331,1.9859,2.0738,2.1105,2.3889,2.4256,2.2607,2.1178,2.2094,2.2017,2.1758,2.2016
Honduras,HND,0.61555,0.73646,0.69982,0.71082,0.72181,0.75112,0.80608,0.8757,1.2238,1.1761,1.3887,1.33,1.5352,1.5096,1.5572,1.6671,1.777,2.0005,2.0482,1.9309,2.0555,1.821,1.7624,2.0005,1.9859,1.9053,1.8467,2.1728,2.5025,2.726,2.5904,2.6967,3.0741,2.8469,3.3342,3.8765,3.9571,4.155,4.646,4.7376,5.027,5.7085,6.0859,6.7637,7.361,7.5478,7.0019,8.7716,8.6654,7.808,8.1011,8.4052,8.4175,8.3438,8.4518
Hong Kong,HKG,2.9532,3.3709,3.6823,4.2466,4.2209,4.8035,5.1626,6.0529,6.1995,7.753,8.3942,9.1527,9.2772,9.2882,10.6696,11.0103,12.4979,14.22,15.7405,15.8724,16.6492,18.6754,19.6867,20.9984,22.3284,22.9953,25.6773,28.2494,29.4586,30.3233,27.6376,28.8687,33.401,35.1011,31.4041,31.5947,29.3413,30.8289,39.2011,42.7186,40.4322,37.9407,36.9221,40.0329,38.3841,40.5128,38.5233,39.9303,38.5416,36.9661,36.2589,40.2417,39.0002,40.5016,40.9675
Hungary,HUN,45.3347,48.9364,50.5192,56.2351,62.3503,61.2438,61.6834,58.7816,61.1045,62.3686,69.9458,69.224,69.3742,73.0089,74.0421,75.3282,79.9485,83.1362,88.1155,86.159,86.7892,86.5473,86.8002,89.0645,90.7793,86.0344,83.4696,84.3673,78.2008,76.028,72.0623,68.4766,61.3868,62.3649,60.7106,60.8114,62.2439,61.2882,61.0701,61.2647,58.5517,59.6077,58.6443,61.2627,59.8775,60.0015,59.534,58.0059,56.685,51.0028,51.6203,49.8388,46.1321,42.8129,41.1048
Iceland,ISL,1.2128,1.0919,1.1981,1.3044,1.308,1.396,1.4949,1.4436,1.5938,1.2641,1.3887,1.4729,1.4839,1.7514,1.7404,1.6158,1.7038,1.9053,1.9236,1.9859,1.865,1.7514,1.5975,1.5462,1.8137,1.6268,1.7844,1.8503,1.8467,1.9016,2.1601,2.0902,2.2161,2.3393,2.2869,2.3182,2.4074,2.4957,2.505,2.7101,2.7759,2.7733,2.8629,2.8546,2.9264,2.8529,3.0293,3.2864,3.6051,3.5718,3.4318,3.3327,3.3238,3.4136,3.2527
India,IND,120.4833,130.2955,143.3503,153.9576,150.5244,165.8363,171.6254,172.0981,187.1828,190.5683,194.9834,205.7006,217.6709,224.1599,231.803,251.9953,263.5698,315.4228,317.7751,331.6689,348.2962,374.5158,398.0936,431.9673,446.7442,490.0637,525.4323,561.1013,605.8021,662.4036,690.0118,737.2481,782.9931,813.6315,864.224,919.2939,1001.4042,1043.0858,1071.0348,1143.4538,1185.6924,1202.8582,1225.7875,1280.8648,1347.4213,1409.9732,1503.134,1609.881,1791.6081,1964.2118,1949.3543,2072.6479,2275.5261,2391.6545,2596.7124
Indonesia,IDN,21.3868,26.0034,22.9769,22.7644,22.376,24.6697,23.3763,24.5415,27.5643,33.3644,35.7936,38.9556,43.3048,49.0939,51.2191,53.9194,61.7604,82.3667,93.857,95.0185,94.7071,100.0785,105.3217,104.871,112.0928,121.1465,121.6411,123.2716,132.0542,130.8598,149.4436,179.5836,202.4104,218.422,221.2323,224.7571,253.0835,278.431,210.0388,241.791,263.2034,294.6662,306.4863,316.533,337.3591,341.712,344.8374,375.2376,412.0498,452.7348,436.6242,563.5232,601.7966,616.6048,640.5516
Iran,IRN,37.3618,36.5118,37.4314,41.3079,47.5221,53.7216,64.109,67.8866,82.3374,83.0482,91.9444,101.8006,106.3073,129.7935,144.1381,139.5324,156.7826,164.1032,162.4544,164.0043,120.9157,112.8952,138.0339,149.7916,150.6893,160.7983,148.447,159.6112,176.1395,191.1875,210.9621,227.8495,228.8864,237.5738,265.607,273.3051,276.5001,269.7583,308.9778,382.4007,372.398,398.5003,401.8492,418.5167,447.1143,468.9444,509.4719,520.7607,545.947,556.5836,571.137,586.1191,588.6039,599.5135,615.7352
Iraq,IRQ,8.2587,8.713,9.0244,9.3872,9.0684,19.2983,27.6815,18.3786,19.7013,22.6069,23.8893,28.8393,29.5282,30.62,30.9168,33.1299,48.7605,43.6749,42.2826,52.9485,45.5215,32.0966,30.5981,38.7175,40.1721,44.6385,47.7126,52.8385,67.8719,73.1921,52.5124,47.3828,61.6212,66.7471,74.9838,77.838,69.4438,68.253,72.3127,72.2248,72.386,85.2723,87.1885,91.0431,113.9907,113.4301,98.6898,62.1048,93.0729,104.2115,111.3563,133.5455,136.497,138.206,137.03
Ireland,IRL,11.1715,12.355,13.1098,13.4505,14.22,13.7217,15.0993,16.4001,17.807,18.4995,19.3972,22.4786,22.0353,22.8414,23.2847,22.0353,22.2771,23.5485,23.5522,27.3664,26.2342,26.0181,25.5271,25.6883,25.5088,26.7032,28.5023,30.173,29.8176,29.9935,32.424,33.2063,33.0742,33.2068,34.4223,35.2325,36.8399,38.2557,40.2707,41.907,44.6892,47.0983,45.6761,45.1512,45.8055,47.6269,47.2272,47.2136,47.0057,41.7496,41.2921,37.7163,38.0114,36.2241,35.8997
Israel,ISR,6.4633,7.0642,7.9362,8.2037,9.1417,12.9339,13.5861,13.5312,13.7986,14.8062,16.5649,16.2352,16.9204,19.2946,19.4302,19.6317,19.5951,19.8772,21.1596,21.002,21.1303,21.1962,24.0615,23.9186,23.7244,24.8492,26.6043,27.3628,30.0265,31.7302,36.5081,36.9917,43.041,45.3567,48.6652,51.4316,53.3918,56.2131,57.4259,56.0445,60.2142,63.5484,59.7708,62.8449,59.038,56.9899,62.5335,62.7753,68.2127,64.4204,68.8356,69.4658,73.2916,68.3913,67.1876
Italy,ITA,109.2678,124.4478,146.3365,164.6455,175.8134,189.612,214.0729,234.2359,249.2912,269.7876,296.4982,311.3337,328.7011,354.0303,359.1123,342.0307,367.0119,355.8843,372.9292,387.1492,388.6515,377.7108,369.3788,361.0689,367.349,371.83,366.1545,383.357,389.4612,408.5726,434.6563,434.1564,433.8676,427.1702,419.904,444.9437,438.3034,442.3717,453.5241,458.8248,462.2777,468.284,470.5309,486.5597,489.367,488.078,483.5336,475.4364,463.6956,414.8098,424.9932,413.3794,386.6667,355.7462,326.8158
Jamaica,JAM,1.4693,2.1288,2.1178,2.3963,4.0634,2.9898,3.5174,3.8655,3.8802,4.2686,4.9904,5.7488,6.2838,8.2916,7.5955,8.1817,7.2767,7.4416,9.1124,8.5298,8.4455,7.4086,6.2141,6.445,5.1406,5.0417,4.547,5.3788,4.525,6.7234,7.9582,8.1671,8.0901,8.4089,8.6251,9.6949,10.1896,10.6219,9.7206,9.7646,10.3105,10.6183,10.2922,10.7135,10.7062,10.6366,12.0106,13.4689,11.952,8.5848,7.1851,7.7494,7.7388,7.6533,7.7506
Japan,JPN,232.5907,282.8864,292.9808,324.9565,359.0244,386.6033,419.3998,489.4811,562.1052,653.4231,768.1942,796.8907,852.6751,914.9997,915.1243,869.3609,908.159,934.4482,903.1467,954.8384,946.7959,928.846,899.4644,883.1156,939.3617,914.648,914.5857,904.9933,988.2724,1024.7109,1141.1377,1150.0715,1158.5444,1150.8771,1210.6604,1223.6873,1236.5818,1231.4775,1195.8701,1230.7973,1251.4607,1236.3205,1273.3966,1278.505,1277.8836,1282.1284,1262.9707,1296.1546,1213.8317,1141.4629,1191.0673,1240.6319,1275.6107,1267.9993,1232.0397
Jordan,JOR,0.74379,0.97829,1.0479,1.2201,1.2421,1.4216,1.5828,1.4143,1.5059,1.7587,1.5572,1.6561,1.9163,2.2021,2.2277,2.4915,2.9495,3.162,3.6384,3.7922,4.7229,5.8587,6.2874,7.3573,8.3466,8.5335,9.2736,9.6546,9.3066,9.226,10.3948,9.7902,12.2561,12.0912,13.6228,13.5458,14.176,14.4068,14.5314,14.5571,15.4951,15.9897,16.8727,17.4553,19.225,21.0424,21.1046,22.017,21.3318,21.8741,21.1633,22.2405,23.2259,23.5318,23.3166
Kazakhstan,KAZ,111.5126,114.9993,120.697,129.4397,137.6593,146.0305,154.2162,161.2559,165.7865,172.656,181.601,192.7476,202.8325,211.4382,219.5317,230.8027,239.7066,247.879,256.4049,258.5387,268.73,263.6529,268.638,272.4891,274.9415,296.5167,297.3266,309.8526,318.3678,311.6993,267.298,257.1561,234.2008,204.309,170.0498,163.3245,150.1274,142.2131,148.4303,109.5825,132.9859,126.4935,144.2546,160.1466,167.7137,180.6455,201.6157,205.8064,186.4033,206.7306,226.0832,217.5205,222.2566,207.6782,208.0101
Kenya,KEN,2.4256,2.3999,2.6234,2.8543,2.8249,2.4659,2.682,2.7004,2.8176,3.1291,3.0814,3.6823,3.8692,3.9168,4.9464,4.972,4.6056,5.0527,5.3201,5.0343,6.1922,6.5219,4.6899,4.6569,4.3162,3.7666,4.1586,5.1699,4.7852,5.1882,5.8184,4.8365,5.5363,6.3424,6.5512,7.5478,9.3212,8.2587,10.0284,10.1639,10.4094,9.3615,7.9619,6.7491,7.6175,8.5554,9.5667,9.8232,10.2336,12.3404,12.41,13.5568,14.3474,14.9122,15.3499
Kiribati,KIR,,0.007328,0.010992,0.01832,0.01832,0.010992,0.010992,0.021984,0.032976,0.010992,0.021984,0.029312,0.025648,0.03664,0.032976,0.032976,0.032976,0.021984,0.021984,0.025648,0.029312,0.029312,0.025648,0.021984,0.021984,0.021984,0.01832,0.021984,0.021984,0.021984,0.021984,0.021984,0.021984,0.021984,0.021984,0.021984,0.03664,0.029312,0.032976,0.029312,0.032976,0.025648,0.040304,0.040304,0.043968,0.062288,0.069616,0.051296,0.05496,0.040304,0.062288,0.062288,0.064494,0.065067,0.067464
Kuwait,KWT,7.797,9.9734,14.2786,17.012,25.3146,35.3906,35.1231,25.4208,22.4237,26.8095,25.0215,27.1173,27.6119,24.2227,19.3129,16.8141,18.4592,17.2061,20.9837,17.6532,24.6551,25.1937,21.1523,21.592,28.3447,29.1361,35.2916,31.4444,32.8881,35.8559,48.2732,10.1823,21.068,33.2471,38.875,54.7768,50.1125,54.8757,51.7027,53.978,53.5164,57.5944,58.1807,59.8734,63.4825,71.4883,73.7087,75.1743,82.6635,85.5654,90.7719,90.9551,96.7228,99.0797,101.8339
Kyrgyzstan,KGZ,4.6352,4.7801,5.017,5.3804,5.722,6.07,6.4103,6.7029,6.8912,7.1767,7.5486,8.0119,8.4311,8.7888,9.1252,9.5937,9.9638,10.3035,10.6579,10.7466,11.1702,10.9592,11.1664,11.3265,11.4284,12.3252,12.3589,12.8795,13.2335,12.9563,12.1477,11.7087,10.8528,8.299,6.0456,4.4334,5.5839,5.4777,5.8184,4.558,4.525,3.7776,4.8438,5.3238,5.7195,5.2432,5.1699,5.899,5.6829,6.3497,6.1482,6.6099,6.2997,6.362,6.1372
Laos,LAO,0.080608,0.11358,0.1319,0.14656,0.17221,0.17954,0.2345,0.31877,0.16854,0.31877,0.57158,0.42136,0.48731,0.51662,0.29312,0.25282,0.2235,0.23083,0.23083,0.2235,0.18686,0.15022,0.15755,0.17954,0.1832,0.20152,0.20885,0.20885,0.20885,0.2345,0.2345,0.25282,0.27846,0.27846,0.30045,0.37739,0.50563,0.63754,0.71814,0.9563,0.97096,0.90134,1.1761,1.1285,1.4216,1.4326,1.5792,0.93798,0.97829,0.98562,1.2714,1.2018,1.2371,1.2537,1.2868
Latvia,LVA,5.7776,5.9582,6.2534,6.7064,7.1323,7.566,7.9901,8.3548,8.5896,8.9455,9.4089,9.9864,10.509,10.9548,11.3742,11.9581,12.4194,12.8429,13.2846,13.3951,13.9232,13.6601,13.9184,14.1179,14.245,15.3628,15.4048,16.0538,16.495,16.1495,19.0523,17.4784,14.0032,11.7372,10.2276,9.0354,9.1238,8.5952,8.2109,7.6112,6.9681,7.3949,7.4113,7.6227,7.6554,7.7449,8.2264,8.5427,8.1063,7.4183,8.5004,7.7509,7.4337,7.1808,7.1193
Lebanon,LBN,2.5795,2.682,2.8543,3.0265,3.2646,3.3159,3.6274,3.5687,3.697,4.3492,3.9461,5.3348,5.7232,7.1668,7.2254,6.4267,6.1225,5.5693,5.7085,6.1519,6.1738,6.346,6.1079,7.3133,7.0459,8.0498,7.753,7.9619,7.6541,8.0461,9.094,9.4934,11.3511,11.6515,12.7324,13.6154,13.795,15.6416,16.6419,16.4807,15.2716,16.1912,16.0227,18.2028,16.8214,16.2315,14.4838,13.5092,17.2538,20.8958,20.0751,20.4708,20.9036,20.9243,20.6995
Lesotho,LSO,,,,,,,,,,,,,,,,,,,,,,,,,,,,,,,,,,,,,,,,,,,,,,1.418,1.4436,1.4729,2.0812,2.1105,2.257,2.1984,2.1421,2.4847,2.6596
Liberia,LBR,0.16488,0.16122,0.25282,0.35541,0.48365,0.55693,0.61189,0.61189,0.88302,1.2714,1.4509,1.5242,1.5059,1.4803,1.7221,1.4839,1.4766,1.4729,1.5059,1.9456,2.0408,1.9383,0.6009,0.71082,0.69982,0.72181,0.72914,0.76578,0.81707,0.66685,0.48365,0.28579,0.28946,0.32243,0.31877,0.33342,0.34442,0.35541,0.38838,0.4067,0.43602,0.50197,0.50197,0.53128,0.62654,0.74013,0.75845,0.67784,0.57525,0.52762,0.80242,0.89035,0.96445,0.99365,1.0212
Libya,LBY,0.6925,1.1945,1.0479,1.4619,0.66318,1.0149,2.6271,18.4922,30.1144,35.5225,32.3055,21.6286,15.2203,14.5754,9.3395,11.5709,17.9023,20.0897,21.2219,26.0107,26.8828,28.788,30.7373,30.3892,28.6012,31.3932,34.0312,32.54,36.3689,37.2922,36.7499,42.8285,37.2299,38.9153,44.0962,45.9832,44.1219,44.939,45.4373,44.5836,47.0751,48.0607,47.7932,49.1269,50.3177,52.0654,54.4654,53.1866,55.898,62.266,66.0033,38.9886,40.7441,40.765,41.2044
Lithuania,LTU,9.4519,9.7475,10.2304,10.9715,11.6682,12.3777,13.0716,13.6683,14.0523,14.6345,15.3927,16.3375,17.1923,17.9218,18.6078,19.5631,20.3178,21.0105,21.7332,21.9141,22.7779,22.3475,22.7701,23.0965,23.3044,25.1331,25.2018,26.2635,26.9852,26.42,35.785,37.8906,21.2126,16.3569,15.7505,15.0623,15.7127,15.1175,15.9281,13.4504,11.8335,12.5556,12.6536,12.6506,13.2257,13.9846,14.3587,15.7213,15.0791,12.8933,13.6919,14.0292,14.182,13.0123,12.3917
Luxembourg,LUX,11.5086,11.5819,11.5416,11.439,12.2964,12.1938,11.6112,11.3511,12.2597,13.1831,13.7363,13.1904,13.4835,14.1577,14.3995,11.8347,11.8311,10.9187,11.8384,12.1132,11.0176,9.4201,8.8522,8.2843,8.9218,9.16,9.0024,8.6617,8.9218,9.651,11.9503,12.472,12.2422,12.3639,11.5502,9.2101,9.2588,8.5611,7.6726,8.0771,8.7798,9.2958,10.0571,10.4162,11.8534,12.1067,11.9683,11.3816,11.2072,10.7033,11.2551,11.1383,10.8701,10.6256,10.5934
Macao,MAC,0.051296,0.069616,0.095264,0.10626,0.12824,0.1319,0.15022,0.16488,0.16854,0.16854,0.20518,0.22717,0.23083,0.2235,0.26747,0.29678,0.25282,0.30778,0.41403,0.41403,0.52762,0.53494,0.48365,0.6815,0.60456,0.7328,0.8757,0.97096,0.96363,1.0296,1.0332,1.0919,1.0845,1.1871,1.2824,1.2421,1.4143,1.4986,1.5645,1.5316,1.6341,1.6854,1.5242,1.5352,1.7257,1.8357,1.6305,1.5425,1.3374,1.4546,1.1981,1.1652,1.2049,1.2185,1.2548
Macedonia (Republic of),MKD,4.2119,4.4149,4.5304,5.0399,5.71,5.875,5.8216,5.8803,6.2892,6.5208,8.5214,9.1839,8.6078,10.2828,10.3278,10.7764,11.1227,10.8166,12.0875,13.1475,12.9283,14.0699,12.9261,13.9191,14.6787,14.9734,15.6377,15.5393,16.0824,16.0471,16.0343,11.3415,10.7685,10.3325,10.4607,10.8308,11.7321,10.6256,12.6152,11.7138,12.0546,11.9886,10.926,11.2998,11.1825,11.2705,10.9297,9.4861,9.3945,8.691,8.5957,9.3285,8.6297,8.8871,8.3723
Madagascar,MDG,0.39938,0.35541,0.39571,0.46166,0.48365,0.55693,0.57891,0.84272,0.91234,0.85005,0.97096,1.0259,1.2861,1.0736,1.1871,1.6928,0.99294,0.84638,1.0186,1.1322,1.6232,1.0369,1.0223,0.67418,0.95997,1.0809,1.1798,1.3264,1.33,0.9673,0.98562,1.0736,1.0442,1.0699,1.3154,1.3117,1.4106,1.7001,1.7367,1.9236,1.8723,1.7404,1.2348,1.7001,1.8064,1.7404,1.6818,1.8137,1.9859,1.8943,2.0848,2.4476,2.5569,2.7023,2.8011
Malawi,MWI,0.43853,0.37345,0.36073,0.34682,0.32976,0.34808,0.42869,0.3664,0.38838,0.38106,0.45434,0.50197,0.54594,0.57158,0.5496,0.57891,0.58258,0.63754,0.67051,0.63754,0.71082,0.60456,0.59357,0.57525,0.55693,0.55693,0.55326,0.54594,0.54227,0.56426,0.61189,0.65952,0.65586,0.6925,0.71814,0.72914,0.71082,0.75845,0.82806,0.99661,0.90501,0.90501,0.88302,0.9563,0.97462,0.916,0.95264,0.95264,1.1468,1.0552,1.2128,1.2055,1.2522,1.3184,1.3649
Malaysia,MYS,4.2026,4.6863,4.7779,5.8294,7.4013,8.3832,9.8378,10.131,10.534,9.1417,14.59,16.6639,17.8986,17.4993,19.0345,19.4302,23.8746,22.5922,23.2188,27.2565,27.9746,30.7996,30.5468,37.9407,34.6688,36.2076,39.9523,40.729,42.6893,49.8414,56.5465,68.5351,75.2366,91.6476,93.934,121.0329,125.2722,124.7189,114.0933,107.8462,126.4996,136.6049,135.0184,160.1351,167.1956,177.2277,170.5079,187.9705,208.0676,203.7844,224.4053,225.5082,235.33,253.0745,251.5654
Maldives,MDV,,,,,,,,,,,,0.003664,0.003664,0.003664,0.003664,0.007328,0.010992,0.014656,0.021984,0.029312,0.043968,0.047632,0.047632,0.051296,0.058624,0.065952,0.080608,0.080608,0.095264,0.12458,0.15389,0.17221,0.25282,0.21618,0.21984,0.2748,0.31877,0.3664,0.33342,0.46533,0.4983,0.57525,0.68883,0.59723,0.77677,0.69982,0.88669,0.916,1.0076,1.0662,1.0736,1.1029,1.1419,1.1521,1.1945
Mali,MLI,0.12091,0.11725,0.13923,0.17587,0.17587,0.19786,0.19053,0.2235,0.19786,0.16122,0.20152,0.22717,0.24549,0.26747,0.30411,0.34075,0.34075,0.41403,0.39571,0.42869,0.39205,0.39571,0.3664,0.4177,0.43602,0.4067,0.38106,0.35907,0.38472,0.4177,0.42136,0.43602,0.44334,0.45434,0.46166,0.46899,0.48731,0.52395,0.76211,0.79509,0.82074,0.82806,0.84638,0.84272,0.8757,0.89768,0.94165,1.0076,1.0699,1.1468,1.2348,1.2494,1.3422,1.3846,1.4246
Malta,MLT,0.34075,0.29312,0.32976,0.41037,0.4983,0.47266,0.41403,0.52029,0.63754,0.65219,0.66318,0.65952,0.83906,0.80608,0.74379,0.66685,0.76211,0.80242,0.93432,0.90501,1.0223,1.1432,1.3117,0.99661,1.363,1.1981,1.4839,1.854,2.0115,2.1691,1.8668,2.0423,2.1467,2.1427,2.2541,2.213,2.2652,2.2553,2.2586,2.3481,2.3452,2.4648,2.4848,2.6637,2.6186,2.704,2.671,2.7569,2.7156,2.6426,2.6404,2.6679,2.8067,2.8059,2.8207
Marshall Islands,MHL,,,,,,,,,,,,,,,,,,,,,,,,,,,,,,,0.047632,0.051296,0.05496,0.062288,0.065952,0.065952,0.065952,0.065952,0.069616,0.065952,0.076944,0.080608,0.084272,0.084272,0.087936,0.084272,0.0916,0.098928,0.098928,0.10259,0.10259,0.10259,0.10623,0.10717,0.11112
Martinique,MTQ,0.16854,0.17221,0.17221,0.20885,0.2345,0.24549,0.27114,0.29678,0.30778,0.32976,0.36274,0.53494,0.7841,0.94898,1.0406,0.90134,0.85005,0.85371,0.72914,0.71082,0.78043,0.78776,0.90134,1.0259,1.4803,1.2091,1.3703,1.6415,1.7294,1.5206,2.0665,1.8393,2.0445,2.0152,2.0372,2.0372,2.0225,2.0299,2.0702,2.0812,2.1178,2.1105,2.0665,2.268,2.3926,2.4769,2.3633,2.1471,2.1251,2.268,2.2644,2.4476,2.4389,2.4096,2.4388
Mauritania,MRT,0.03664,0.047632,0.062288,0.087936,0.11725,0.16122,0.17954,0.19786,0.2345,0.2748,0.42869,0.39938,0.44701,0.46899,0.48365,0.5093,0.51662,0.55693,0.58258,0.60456,0.63021,0.66318,0.88302,0.93798,0.87203,0.65586,0.37373,3.2829,3.228,2.8469,2.6637,2.748,2.9385,2.9568,3.1181,2.9642,2.9715,2.9568,1.0626,1.1322,1.1725,1.2824,1.352,1.3887,1.5352,1.5865,1.6085,1.843,1.9346,2.1288,2.1361,2.3083,2.4669,2.5384,2.606
Mauritius,MUS,0.17954,0.18686,0.25282,0.20885,0.30778,0.30411,0.2748,0.4983,0.63754,0.57158,0.4983,0.39571,0.68883,0.67784,0.6925,0.5899,0.61922,0.6412,0.63021,0.65952,0.5899,0.54227,0.50197,0.59723,0.62654,0.70715,0.79875,0.93066,0.85371,1.0516,1.4619,1.5206,1.7074,1.7734,1.6232,1.8283,1.9492,1.9969,2.1691,2.4256,2.6894,2.8616,2.8836,3.0594,3.0888,3.2939,3.6274,3.686,3.7666,3.6933,3.9132,3.9132,3.9935,4.383,4.6083
Mexico,MEX,63.0648,65.2522,63.7573,66.3074,74.218,75.1853,80.8645,90.0281,93.912,102.2036,113.9797,126.2358,132.351,144.1747,154.8809,164.3377,183.9878,192.6898,222.4671,240.6772,268.2341,284.2971,304.5883,278.2148,277.3978,288.2652,294.3181,307.1055,306.816,361.5818,314.0341,326.107,328.43,330.1777,347.8492,328.0233,341.2027,358.7532,373.7573,382.2944,382.1955,395.3126,391.5387,405.5865,411.4306,435.0817,444.9268,458.491,474.1033,450.2067,444.6997,466.1671,466.2737,465.9364,456.6358
Micronesia (Federated States of),FSM,,,,,,,,,,,,,,,,,,,,,,,,,,,,,,,,,,,,,,0.076944,0.080608,0.11725,0.13557,0.17587,0.14656,0.14656,0.14656,0.12091,0.12458,0.1429,0.12091,0.16854,0.12091,0.12824,0.13278,0.13396,0.1389
Moldova,MDA,8.9496,9.2294,9.6867,10.3884,11.0481,11.7199,12.3769,12.9418,13.3054,13.8568,14.5747,15.4693,16.2786,16.9693,17.6189,18.5234,19.238,19.8939,20.5782,20.7494,21.5673,21.1599,21.5599,21.869,22.0658,23.7974,23.8624,24.8677,25.5511,25.0159,23.4548,22.6071,20.9544,15.616,12.0802,11.1825,11.5123,7.0935,6.2654,4.4994,3.5101,3.7116,3.9828,4.2869,4.5507,4.8914,4.9904,4.6753,4.7705,4.547,4.9317,4.9757,4.9115,4.7444,4.6956
Mongolia,MNG,1.2934,1.3923,1.9712,1.6012,2.0445,1.9566,1.9529,2.1508,2.4805,2.682,2.8469,3.0338,3.2793,3.4771,3.7483,4.0634,4.4005,4.9684,5.7781,6.2948,6.8737,6.6392,6.7564,6.9909,6.445,9.0208,9.6656,10.578,11.5856,10.5596,10.0357,12.1975,11.0689,9.3066,7.9545,7.9179,8.0352,7.7054,7.7017,7.5478,7.5002,7.8776,8.2806,8.0278,8.5444,8.6397,9.4898,10.0833,10.021,11.0433,11.5013,19.0638,19.7003,20.0862,20.6543
Montenegro,MNE,0.75236,0.78861,0.80926,0.90027,1.02,1.0494,1.0399,1.0504,1.1234,1.1648,1.5221,1.6405,1.5376,1.8368,1.8448,1.925,1.9868,1.9321,2.1591,2.3485,2.3093,2.5133,2.3089,2.4863,2.622,2.6746,2.7933,2.7757,2.8727,2.8664,2.8642,2.0259,1.9235,1.675,1.6294,1.7212,2.0136,2.1646,2.2777,1.5712,1.7453,1.8753,2.0049,2.1438,2.3424,2.5525,2.3816,2.2497,2.748,1.8247,2.5795,2.5685,2.4063,2.487,2.3409
Montserrat,MSR,,,0.003664,0.003664,0.007328,0.003664,0.007328,0.007328,0.007328,0.007328,0.014656,0.014656,0.014656,0.014656,0.014656,0.010992,0.010992,0.025648,0.025648,0.025648,0.014656,0.01832,0.01832,0.021984,0.021984,0.025648,0.029312,0.029312,0.032976,0.032976,0.040304,0.03664,0.040304,0.040304,0.047632,0.047632,0.047632,0.051296,0.051296,0.047632,0.05496,0.058624,0.065952,0.069616,0.069616,0.069616,0.076944,0.076944,0.076944,0.076944,0.076944,0.080608,0.080309,0.0793,0.080306
Morocco,MAR,3.6384,3.7739,3.0778,3.9571,4.4188,4.2576,5.463,5.4117,5.6242,5.8221,7.2877,8.1964,8.0425,9.6327,11.1276,11.1019,11.5379,12.6921,13.0658,15.9457,15.9311,15.8431,17.0449,17.7814,17.7997,17.851,18.8659,20.1007,21.1596,22.9,23.5229,24.9555,26.0181,28.1945,29.6161,30.3489,31.1696,31.8365,32.0124,33.1262,33.8773,37.6842,38.2228,37.5304,43.2755,45.734,47.3865,50.2261,52.8569,52.4392,55.9126,56.4916,58.2924,62.2481,64.7022
Mozambique,MOZ,1.8833,2.6308,1.9859,1.6598,2.1398,2.0042,2.1251,1.8723,2.7773,3.239,2.9825,3.6127,3.2976,3.5614,3.1474,2.8836,2.5575,2.7114,2.8726,2.6417,3.206,2.4879,2.5392,1.9749,1.5352,1.1468,0.98195,0.98195,1.0113,1.0406,1.0003,1.0259,1.0003,1.0772,1.0699,1.1102,1.0406,1.1248,1.1322,1.1871,1.3484,1.5792,1.5865,1.9163,1.9199,1.821,1.9786,2.3889,2.3376,2.5685,2.8726,3.2793,3.5749,3.6474,3.7216
Myanmar,MMR,2.715,2.5904,2.8799,2.6344,2.8579,2.726,2.8066,3.6164,2.9275,3.2133,4.613,5.1003,4.8951,4.1073,4.6716,4.5837,4.8951,5.1699,5.1516,5.0966,5.5216,5.6352,5.5949,5.7708,6.5659,6.7051,6.7857,4.972,4.1147,4.4591,4.2722,4.177,4.8841,5.3384,6.2398,6.9543,7.2511,7.4929,8.0718,8.9621,10.0797,8.7167,9.2003,9.8378,12.4246,11.6039,12.6005,12.6261,9.0208,10.3801,8.9805,10.4314,10.6145,10.8283,10.8748
Namibia,NAM,,,,,,,,,,,,,,,,,,,,,,,,,,,,,,,0.025648,1.0149,1.1212,1.1505,1.319,1.6305,1.7477,1.7954,1.9053,1.6635,1.6415,2.0152,1.7587,1.8723,1.9602,2.3083,2.3266,2.4072,3.5761,3.1804,3.1767,2.7736,2.9931,3.0986,3.1894
Nauru,NRU,,,,,0.029312,0.032976,0.032976,0.047632,0.047632,0.065952,0.065952,0.087936,0.076944,0.084272,0.098928,0.10259,0.10259,0.11358,0.11358,0.11358,0.12458,0.12458,0.12458,0.12458,0.12458,0.12458,0.16122,0.15755,0.15755,0.15755,0.15755,0.15389,0.1429,0.13923,0.1319,0.12824,0.12091,0.12091,0.11725,0.10992,0.10259,0.095264,0.0916,0.084272,0.080608,0.087936,0.05496,0.05496,0.05496,0.051296,0.05496,0.051296,0.053113,0.053584,0.055559
Nepal,NPL,0.080608,0.080608,0.087936,0.098928,0.15022,0.17954,0.19053,0.21251,0.25282,0.39938,0.22717,0.19786,0.26747,0.42136,0.42502,0.35174,0.28213,0.33709,0.32976,0.51296,0.54227,0.45434,0.44334,0.49464,0.70349,0.67784,0.70349,0.87203,0.99294,0.91234,0.63387,0.95997,1.33,1.4656,1.6964,2.0335,2.4842,2.781,2.2497,3.217,3.2316,3.4515,2.7077,2.9495,2.7663,3.239,2.6601,2.737,3.0118,3.6164,4.3272,4.3308,4.4748,4.5303,4.6783
Netherlands,NLD,73.4449,75.8265,83.29,91.153,96.7882,100.4156,103.5703,106.6957,113.4594,115.8154,141.8188,140.7599,157.6656,165.5102,160.3147,152.8951,169.5443,164.1435,170.409,187.6591,177.3632,164.8214,134.2123,138.1438,144.9368,147.8277,144.9772,152.4444,146.7945,162.9674,159.2359,164.239,162.3161,166.7125,166.673,170.7379,177.6959,171.5462,173.3811,167.8028,169.9208,175.692,175.991,179.5829,180.9854,175.9119,172.3036,172.4067,175.1717,169.9028,181.3508,168.0583,165.2617,163.5597,154.0327
Netherlands Antilles,ANT,,,,,,,,,,,,,,,,,,,,,,,,,,,5.1809,4.6643,4.1513,5.9027,6.2105,5.1406,4.3345,6.7161,6.5622,6.4926,6.1335,6.3754,0.28213,2.1141,5.6096,5.7122,5.507,5.5107,5.7818,5.7305,5.9723,6.7198,6.4633,6.6135,5.1809,7.0752,7.049,6.9603,7.0486
New Caledonia,NCL,0.86104,0.88669,0.56426,0.61922,1.0992,1.2311,1.5096,1.4729,1.8393,1.5572,2.3926,2.4182,1.7038,2.5978,2.781,2.5282,2.3889,2.1398,1.5425,1.6415,2.0005,1.3923,1.2641,1.1542,1.2055,1.4546,1.4033,1.4583,1.5462,1.6928,1.6232,1.788,1.7697,1.7697,1.7221,1.7294,1.7624,1.8247,1.8027,2.0335,2.2973,1.9053,2.4256,2.748,2.5501,2.8359,2.7773,2.9422,3.2793,2.8469,3.9168,3.8509,3.9735,4.0282,4.1585
New Zealand,NZL,11.5343,11.7578,11.2008,12.2194,13.0951,13.6887,14.0038,13.6301,13.4762,14.2603,14.1833,15.048,16.1839,18.1881,18.7414,18.2467,19.2213,20.2839,17.9939,16.4624,17.4443,16.5136,18.2247,17.9499,19.28,21.7861,22.8744,24.0908,25.3769,25.3842,24.9159,25.5647,27.479,27.0469,27.1769,27.3066,28.5822,30.5224,29.0326,30.5451,31.3109,33.4081,33.5917,35.3542,34.9281,36.4013,36.3432,35.6476,36.4734,33.5132,33.4506,33.2585,34.2582,34.0719,34.8943
Nicaragua,NIC,0.53128,0.56059,0.65952,0.84272,0.94898,0.78043,0.95997,1.0809,1.2311,1.2861,1.4033,1.5059,1.6048,1.8283,1.9492,1.9273,2.224,2.8359,2.6308,1.7111,2.0262,2.1398,2.1141,2.0005,1.8503,1.9896,2.2607,2.4366,2.246,1.4766,2.5465,2.0042,2.3926,2.301,2.5392,2.7773,2.8726,3.14,3.4185,3.6237,3.7593,3.9608,4.0341,4.4078,4.4224,4.3162,4.4628,4.602,4.4188,4.5507,4.6203,4.8951,4.8781,4.8205,4.8779
Niger,NER,0.029312,0.05496,0.065952,0.087936,0.095264,0.0916,0.13557,0.1319,0.16122,0.19053,0.21618,0.23083,0.25282,0.32976,0.28946,0.33342,0.33342,0.3664,0.4177,0.47998,0.57158,0.68517,0.74746,0.96363,0.99294,0.99661,0.90134,1.0003,0.98928,1.0406,0.83173,0.82074,0.7841,0.87936,0.87203,0.91966,1.0149,1.0113,1.0736,1.0589,0.79509,0.75845,0.81341,0.87936,0.96363,0.82806,0.80608,0.82074,0.916,1.1505,1.352,1.4216,1.4556,1.589,1.6673
Nigeria,NGA,3.4039,4.111,4.177,5.3458,7.2694,11.7541,12.8973,12.8277,6.6282,12.1022,21.5223,32.2542,41.3922,49.5373,62.2404,47.3572,55.2018,50.5266,48.2549,70.2316,68.0991,65.9044,65.549,59.8808,69.5684,69.8358,73.4449,59.2945,70.6896,42.4071,45.3383,45.2101,64.8308,60.0127,46.6207,34.8886,40.3883,40.1574,40.1501,44.7521,79.1168,83.2827,98.045,93.0619,96.9678,104.6109,98.4334,95.1724,92.6076,71.7301,85.1514,87.9543,93.2622,93.0272,93.5551
Niue,NIU,,,,,,,,,,,0.003664,0.003664,0.003664,0.003664,0.003664,0.003664,0.003664,0.003664,0.003664,0.003664,0.003664,0.003664,0.003664,0.003664,0.003664,0.003664,0.003664,0.003664,0.003664,0.003664,0.003664,0.003664,0.003664,0.003664,0.003664,0.007328,0.007328,0.007328,0.007328,0.007328,0.007328,0.007328,0.010992,0.010992,0.010992,0.010992,0.010992,0.010992,0.010992,0.010992,0.010992,0.010992,0.011381,0.011482,0.011905
North Korea,PRK,23.7977,26.4358,30.697,32.8368,35.6287,44.2318,47.61,52.4025,59.2799,64.0907,73.4925,107.4724,89.5262,97.3488,101.6357,107.652,110.0995,113.7745,118.6403,120.7764,124.9094,125.3015,127.9579,137.1875,147.6848,158.3141,172.0468,192.6495,220.6754,234.2285,244.6343,250.94,255.2049,261.9247,259.4295,259.1364,256.4727,234.496,64.8748,71.0376,76.6362,79.4099,76.0463,77.7134,79.4172,82.9456,84.4882,70.3122,78.0176,75.167,72.4336,73.5182,75.9827,77.5338,79.5586
Norway,NOR,13.0915,13.3406,14.0661,14.9711,16.1766,16.3964,19.5474,19.3129,21.123,22.2038,27.9893,27.1759,29.4036,30.4991,27.6705,29.6418,29.1948,31.177,32.5327,33.7601,36.5631,34.405,34.1192,31.8805,34.4306,36.8745,37.589,38.4976,37.5304,41.7513,34.8362,33.3766,34.1786,35.8098,37.7263,37.7889,41.0449,41.1465,41.3757,42.1209,41.8003,43.1433,42.2892,43.6549,44.0669,43.2333,43.6272,45.4639,44.4761,42.8988,45.5373,44.5717,44.1012,44.7988,44.6298
Oman,OMN,,,,,0.010992,0.025648,0.029312,0.13557,0.16122,0.2345,0.2345,2.0921,2.0885,2.1105,2.334,7.2511,8.3209,8.5005,7.7897,7.7164,6.0419,6.0126,5.7305,7.5259,8.0535,8.6544,9.8672,9.4568,10.578,10.0577,11.3767,11.7614,12.0692,13.4469,15.2935,15.8834,15.092,15.4731,16.5466,20.6906,21.8777,20.2692,25.4501,32.3641,27.9636,29.8689,39.5712,44.5542,38.3731,38.4354,56.2461,64.8015,66.9297,70.0959,69.7596
Pakistan,PAK,11.9311,12.3546,13.5755,15.6062,16.0452,16.8364,17.1332,18.1841,20.8516,20.2241,20.5147,19.4514,18.9136,20.0201,21.4014,23.2004,22.8194,24.3693,26.117,28.2275,32.0417,34.372,37.3545,40.271,42.8212,47.1374,49.4127,53.4907,58.166,60.9067,68.5095,68.187,72.7304,77.9443,84.7703,84.4149,94.37,94.6338,97.5833,100.302,106.3623,108.1943,113.9907,118.7979,131.4936,136.5243,145.9554,158.7648,158.9407,160.1534,162.6596,163.3191,163.1953,160.802,167.6773
Palau,PLW,,,,,,,,,,,,,,,,,,,,,,,,,,,,,,,,,0.11358,0.10992,0.10992,0.11358,0.11725,0.11725,0.11725,0.11725,0.11725,0.1832,0.1832,0.19053,0.18686,0.19053,0.20152,0.20885,0.20885,0.20885,0.21618,0.2235,0.23142,0.23347,0.24208
Panama,PAN,0.99661,1.1029,1.1908,1.1835,1.2421,1.5279,1.6561,1.6964,2.0189,2.0518,2.2021,2.6014,2.7993,3.239,3.0191,3.6603,3.609,3.4588,2.8396,3.1913,3.1217,3.3379,3.2903,3.4918,2.8799,2.6271,2.7517,3.1987,2.9275,2.5208,2.7663,3.2426,4.2429,3.9388,4.3345,2.9825,4.6203,5.6426,5.943,5.6645,5.7855,7.0019,5.8661,6.1482,5.8001,6.8334,7.3646,7.1924,7.3683,8.5921,8.8596,9.6583,9.7366,9.6495,9.7831
Papua New Guinea,PNG,0.17954,0.20152,0.19786,0.25648,0.26747,0.30411,0.34075,0.43602,0.50197,0.55693,0.6925,0.8244,1.2677,1.3447,1.5865,1.5316,1.5719,1.5792,1.6744,1.7954,1.8283,1.9309,1.9456,2.0079,2.0445,2.1251,2.0628,2.334,2.1984,2.0335,2.1398,2.0628,2.0518,1.9932,2.1801,2.0592,2.1874,2.5758,2.8616,2.4439,2.6637,3.206,3.4845,3.9425,4.4847,4.3821,4.3052,6.1152,4.7925,5.0893,4.6606,5.2249,5.4025,5.4565,5.6392
Paraguay,PRY,0.30411,0.36274,0.39205,0.41037,0.43235,0.5496,0.51296,0.48731,0.5899,0.52029,0.74379,0.63387,0.71448,0.86837,0.95264,0.83906,1.0552,1.1835,1.4876,1.3667,1.5316,1.4436,1.4033,1.4546,1.5425,1.6048,1.7477,1.9749,2.2534,2.3413,2.2607,2.2314,2.6198,2.9495,3.4955,3.9608,3.7483,4.1916,4.4994,4.4994,3.686,3.8179,3.8948,4.067,4.0854,3.8289,3.9828,4.133,4.3492,4.514,5.071,5.2945,5.2689,5.2065,5.2689
Peru,PER,8.1671,8.636,9.9624,10.2262,12.2561,11.9556,13.2454,13.6447,14.4911,15.2899,17.7704,18.5985,18.1588,19.7416,21.3428,21.9474,22.4237,23.3214,22.442,22.2551,24.1018,24.0835,23.6511,20.4341,20.676,19.4961,21.8301,25.7616,25.0874,21.8228,21.1523,20.4012,20.3718,23.5375,23.2114,23.8636,24.3436,27.3847,27.7841,29.334,30.272,27.1429,27.1649,26.3588,31.8695,37.1053,35.0352,43.1729,41.2493,51.3216,57.8106,53.0254,55.0165,56.9158,58.6502
Philippines,PHL,8.3283,8.7167,10.3398,11.4756,12.8277,13.9708,16.1106,18.2174,22.2332,22.8414,24.7613,27.5643,26.4211,31.5177,30.5065,32.4997,35.1011,36.7243,37.4461,38.1056,36.9698,34.6358,34.9692,35.3869,30.9681,28.0259,29.1838,32.6572,37.6989,39.1095,41.7293,43.8947,48.7129,49.442,54.7548,60.6612,62.1121,71.0999,69.1836,69.103,73.247,70.9937,71.2795,71.4736,74.0055,74.7712,67.6374,69.6123,75.8814,74.7236,81.6339,81.9454,89.1001,93.9764,98.8927
Poland,POL,199.6037,207.2652,216.6377,231.0299,242.9159,247.0196,252.4716,259.0704,275.8479,293.4131,304.1926,312.9899,329.6831,335.8532,346.5924,375.2522,398.7092,418.6816,431.7035,442.1276,464.1958,409.7268,421.8656,421.9939,433.5391,445.5351,452.9986,464.9726,445.612,423.4412,374.812,372.7518,363.2328,363.7982,359.4326,360.9756,374.4308,365.4595,338.2958,328.8709,318.7491,314.9377,303.5064,315.4552,319.2919,318.387,331.306,331.5566,324.146,310.279,329.6225,327.7228,320.8617,321.8337,309.6565
Portugal,PRT,8.2184,9.0831,9.2956,10.0174,11.014,11.5892,11.842,12.399,12.9999,14.601,15.2459,16.3927,18.3347,19.9871,20.6979,21.3391,22.4054,22.7095,22.7241,25.0105,26.9634,27.2052,29.2314,30.1547,29.0409,27.3847,30.4955,31.5104,32.8991,41.176,45.0126,46.6884,50.9605,49.6601,50.3201,54.3459,51.7199,54.5792,59.1312,66.8771,65.7458,65.4492,69.2365,64.0713,66.7164,69.2336,64.6231,61.8988,59.7928,57.019,52.4919,51.1546,50.3105,49.95,48.1788
Qatar,QAT,0.17587,0.16122,0.19053,6.1335,6.2691,6.2874,6.2728,6.6831,7.0752,7.1668,7.5625,9.1453,10.7758,12.4576,10.479,10.948,10.3764,9.9184,10.523,14.3482,13.0878,12.8496,12.344,11.2595,12.322,12.3953,13.2857,11.4903,11.919,14.3152,11.7651,17.6605,26.7802,30.697,30.1987,30.7996,31.7999,36.2589,32.3751,31.3822,34.7017,30.3379,28.4583,36.127,44.3564,51.8383,56.6894,65.1862,67.4506,71.2831,75.2183,83.8067,89.3146,91.6272,99.6922
RÃ©union,REU,0.07328,0.084272,0.0916,0.11358,0.12458,0.15022,0.17954,0.21251,0.21618,0.2235,0.31877,0.32976,0.34808,0.38472,0.42502,0.48365,0.63021,0.64853,0.71814,0.916,0.81341,0.7841,0.8647,0.90134,0.99661,0.99294,1.0772,1.1725,1.3447,1.3887,1.4509,1.7184,1.7257,1.7551,1.9492,2.1434,2.235,2.345,2.5098,2.3669,3.0228,3.1877,3.162,3.1181,3.162,3.5871,3.7519,3.9938,4.078,4.2466,4.3638,4.5067,4.6449,5.1017,5.3612
Romania,ROU,53.4065,55.7294,63.8269,69.4731,72.0562,78.6588,84.1144,92.0543,100.1078,111.5578,120.0143,125.7265,132.3144,144.8416,150.8212,162.1247,174.6226,178.2536,193.745,195.9141,196.4564,197.9916,195.6136,200.3988,189.1174,194.1847,201.9817,211.9917,212.6036,213.9666,178.1344,146.1531,132.0399,123.2437,121.1283,126.3164,129.6181,118.4676,103.798,88.2688,92.8569,97.8508,98.3314,102.2294,99.9103,99.2864,103.9789,103.235,99.4177,82.8107,79.8798,85.6045,83.8606,72.4681,72.5996
Russian Federation,RUS,888.4246,916.2031,961.5974,1031.2506,1096.7365,1163.4302,1228.6463,1284.7318,1320.8268,1375.5562,1446.8219,1535.6268,1615.9736,1684.536,1749.0168,1838.8134,1909.7508,1974.8612,2042.7872,2059.7867,2140.9813,2100.5324,2140.2482,2170.93,2190.4685,2362.3594,2368.8115,2468.6068,2536.4474,2483.3192,2505.3801,2358.5793,1942.2498,1843.8955,1630.7958,1580.1475,1541.2996,1465.0935,1439.4979,1476.2144,1476.9982,1496.9654,1498.1415,1528.1791,1530.685,1531.6578,1589.0891,1586.0856,1617.6027,1535.2138,1602.4256,1648.1286,1656.7742,1621.9085,1594.8466
Rwanda,RWA,0.069825,0.091495,0.084272,0.084272,0.03664,0.047632,0.043968,0.040304,0.05496,0.058624,0.058624,0.062288,0.065952,0.069616,0.07328,0.17587,0.26747,0.26747,0.28946,0.29678,0.49464,0.6009,0.60822,0.69616,0.63387,0.61555,0.59723,0.61555,0.69616,0.68883,0.54227,0.48731,0.48731,0.49464,0.47266,0.46166,0.47998,0.4983,0.48731,0.5093,0.52762,0.53128,0.53128,0.52029,0.52762,0.52762,0.52762,0.55693,0.54227,0.57525,0.5899,0.66318,0.70802,0.72876,0.74835
Saint Helena,SHN,,,,,,,,,0.003664,,,,,,,,,,,,,0.007328,0.003664,0.003664,0.003664,0.003664,0.003664,0.003664,0.007328,0.007328,0.007328,0.007328,0.007328,0.010992,0.010992,0.010992,0.010992,0.010992,0.010992,0.010992,0.010992,0.010992,0.010992,0.010992,0.010992,0.010992,0.010992,0.010992,0.010992,0.010992,0.010992,0.010992,0.011809,0.012181,0.012533
Saint Kitts and Nevis,KNA,,,,,,,,,,,,,,,,,,,,,,0.05496,0.065952,0.051296,0.051296,0.051296,0.058624,0.05496,0.065952,0.065952,0.065952,0.07328,0.07328,0.084272,0.087936,0.095264,0.10259,0.10259,0.10259,0.10259,0.10259,0.1832,0.19786,0.21984,0.22717,0.2345,0.2345,0.24915,0.24915,0.26014,0.26014,0.26747,0.26648,0.26313,0.26647
Saint Lucia,LCA,0.014656,0.01832,0.01832,0.021984,0.021984,0.025648,0.029312,0.032976,0.03664,0.062288,0.065952,0.069616,0.076944,0.080608,0.07328,0.076944,0.084272,0.069616,0.098928,0.15022,0.11358,0.095264,0.11358,0.10259,0.11358,0.12824,0.1319,0.14656,0.16488,0.16488,0.16488,0.17221,0.20518,0.22717,0.26381,0.31144,0.32976,0.31144,0.30778,0.31877,0.32976,0.36274,0.3261,0.35907,0.35541,0.3664,0.3664,0.38472,0.39571,0.38472,0.40304,0.4067,0.4052,0.4001,0.40518
Saint Pierre and Miquelon,SPM,0.03664,0.047632,0.032976,0.03664,0.047632,0.040304,0.043968,0.051296,0.040304,0.032976,0.03664,0.047632,0.069616,0.040304,0.043968,0.032976,0.047632,0.03664,0.032976,0.03664,0.03664,0.040304,0.040304,0.032976,0.03664,0.032976,0.047632,0.051296,0.065952,0.10259,0.0916,0.10259,0.095264,0.07328,0.069616,0.069616,0.069616,0.047632,0.05496,0.05496,0.05496,0.05496,0.058624,0.065952,0.062288,0.065952,0.065952,0.065952,0.065952,0.065952,0.069616,0.069616,0.069358,0.068486,0.069355
Saint Vincent and the Grenadines,VCT,0.010992,0.010992,0.010992,0.014656,0.01832,0.014656,0.01832,0.01832,0.021984,0.029312,0.029312,0.029312,0.03664,0.040304,0.032976,0.032976,0.032976,0.032976,0.03664,0.029312,0.03664,0.03664,0.040304,0.047632,0.065952,0.065952,0.065952,0.076944,0.065952,0.076944,0.080608,0.076944,0.084272,0.10259,0.12091,0.12824,0.1319,0.1319,0.16122,0.16488,0.14656,0.17954,0.18686,0.19786,0.21984,0.21984,0.21984,0.22717,0.23083,0.23083,0.2345,0.23816,0.23728,0.23429,0.23727
Samoa,WSM,0.014656,0.01832,0.01832,0.021984,0.025648,0.029312,0.025648,0.025648,0.029312,0.029312,0.029312,0.03664,0.03664,0.03664,0.032976,0.058624,0.047632,0.080608,0.10626,0.095264,0.098928,0.10259,0.11358,0.11358,0.11358,0.11358,0.11358,0.11358,0.11358,0.12091,0.12458,0.12458,0.12824,0.12824,0.12091,0.1319,0.1319,0.1319,0.1319,0.13923,0.13923,0.1429,0.1429,0.15022,0.16122,0.16854,0.17587,0.18686,0.19053,0.19786,0.20518,0.2345,0.2428,0.24496,0.25398
Sao Tome and Principe,STP,0.010992,0.010992,0.010992,0.007328,0.010992,0.010992,0.010992,0.010992,0.014656,0.014656,0.014656,0.010992,0.010992,0.014656,0.01832,0.01832,0.029312,0.029312,0.032976,0.032976,0.040304,0.043968,0.047632,0.05496,0.051296,0.05496,0.051296,0.051296,0.047632,0.047632,0.047632,0.047632,0.047632,0.047632,0.047632,0.047632,0.047632,0.047632,0.047632,0.047632,0.047632,0.051296,0.058624,0.065952,0.07328,0.076944,0.084272,0.084272,0.084272,0.0916,0.098928,0.10259,0.11021,0.11369,0.11698
Saudi Arabia,SAU,2.6747,3.5687,6.2508,6.9396,7.0422,4.2173,6.4083,25.4868,29.0812,35.2733,45.2541,59.7598,70.2865,95.0588,98.7082,83.2681,101.4672,118.0797,115.0386,138.0229,169.2658,175.348,157.9624,160.9192,155.5881,172.5121,204.7113,190.55,202.3884,203.5718,217.7698,267.5489,285.301,313.5615,308.7653,236.0605,258.5392,216.0624,207.5106,226.274,296.6924,296.9709,326.14,327.0047,395.5105,397.3168,432.385,393.2132,417.8975,484.4834,532.6577,519.852,552.7024,558.7573,601.9416
Senegal,SEN,0.82806,0.81341,0.81341,0.86104,0.92333,1.6928,1.7184,0.69982,,0.49098,1.308,1.352,1.4546,1.5499,1.8503,2.5795,1.7734,2.2424,2.6271,2.8982,3.3489,3.2939,3.0521,2.6308,3.3049,2.6747,2.6601,2.4512,2.7407,3.6933,3.1804,3.4222,3.4771,3.5907,3.8985,3.4918,3.7373,3.261,3.4258,3.697,3.9351,4.3272,4.5434,5.0087,5.2762,5.8551,4.7852,5.3311,5.4374,5.8441,8.266,7.852,8.191,8.5082,8.7411
Serbia,SRB,16.971,17.7886,18.2543,20.3073,23.0072,23.672,23.4569,23.6933,25.341,26.2742,34.3349,37.0046,34.6832,41.4322,41.6135,43.4211,44.8164,43.5829,48.7037,52.9749,52.0915,56.6915,52.0826,56.0836,59.1444,60.3317,63.0086,62.6122,64.8002,64.658,64.6065,45.698,43.3891,37.7826,36.7546,38.8246,45.4205,48.8273,51.3779,35.4425,39.3685,42.3015,45.2241,48.3571,52.8374,57.5774,53.7216,52.2083,51.8383,46.0895,45.8403,49.1452,46.0313,47.2666,44.1715
Seychelles,SYC,,,,0.007328,0.007328,0.007328,0.007328,0.007328,0.007328,0.007328,0.029312,0.032976,0.043968,0.047632,0.05496,0.058624,0.080608,0.084272,0.076944,0.12091,0.095264,0.098928,0.084272,0.098928,0.098928,0.15022,0.16488,0.20152,0.19786,0.2345,0.11358,0.1429,0.16488,0.16122,0.18686,0.18686,0.19419,0.4067,0.43235,0.50563,0.55693,0.63387,0.53861,0.5496,0.73646,0.68883,0.7328,0.6412,0.6925,0.74013,0.68883,0.59723,0.6416,0.66185,0.68096
Sierra Leone,SLE,0.71448,0.28946,0.3261,0.37006,0.30411,0.28213,0.30045,0.25282,0.38472,1.1065,0.87203,0.80242,0.67784,0.53861,0.52029,0.52395,0.45067,0.51296,0.71082,0.67784,0.60822,0.6925,0.55326,0.68883,0.61555,0.66318,0.67418,0.4983,0.458,0.37373,0.38838,0.46899,0.29312,0.28946,0.34808,0.35174,0.38472,0.39205,0.3664,0.35174,0.42502,0.56792,0.60822,0.65219,0.6412,0.54594,0.7328,0.6412,0.66318,0.65219,0.72547,0.89768,0.96481,0.99003,1.0138
Singapore,SGP,1.3923,2.0921,2.5758,3.3965,3.7006,2.5282,0.67418,3.0558,5.4154,7.1998,18.1954,16.5796,22.2222,21.2036,21.951,24.5232,30.0118,28.2861,33.1372,36.0941,31.4078,26.8278,29.726,34.9692,33.3754,33.39,34.9985,32.573,36.0757,41.8539,46.9029,47.3865,50.2261,54.5826,65.3145,47.0714,55.2604,69.1836,57.2463,50.0283,48.9657,49.5006,47.1923,31.1074,28.451,30.3343,30.7739,18.1808,23.827,23.8123,13.4689,22.376,23.6172,25.9122,26.5999
Slovakia,SVK,31.5923,34.2891,36.5405,38.4379,40.0032,38.9788,38.7592,38.6787,40.4671,42.9603,49.2543,51.6757,52.1583,52.3796,52.9958,55.4589,57.6271,59.3615,59.9131,58.3629,59.0588,58.4284,57.8662,57.9582,59.9211,59.1136,59.5315,59.0658,58.1282,56.2212,61.8055,53.3689,48.9028,46.3442,43.5784,44.5746,44.9536,44.1903,43.6522,42.8822,41.0327,43.3061,41.1144,41.9617,42.3046,41.9005,41.523,39.7241,40.3665,36.5212,37.4306,37.2335,35.2379,36.2989,32.0625
Slovenia,SVN,4.8769,5.1119,5.2457,5.8356,6.6115,6.8025,6.7407,6.8087,7.2822,7.5503,9.8667,10.6339,9.9668,11.9062,11.9583,12.4778,12.8787,12.5243,13.9958,15.2232,14.9694,16.2913,14.9668,16.1166,16.9961,17.3373,18.1066,17.9927,18.6214,18.5806,14.792,13.7803,13.691,14.0544,14.1888,15.0111,15.6781,15.9909,15.7307,15.1044,15.2135,16.125,16.2762,16.0348,16.3925,16.6937,16.8972,17.0343,18.003,16.0611,16.1364,16.1779,15.6748,15.832,15.2475
Solomon Islands,SLB,0.010992,0.014656,0.014656,0.014656,0.01832,0.025648,0.025648,0.032976,0.03664,0.03664,0.040304,0.047632,0.05496,0.065952,0.065952,0.058624,0.062288,0.080608,0.062288,0.10992,0.10259,0.13557,0.12091,0.1429,0.1429,0.15022,0.15389,0.16122,0.15755,0.16122,0.16122,0.16122,0.16122,0.15755,0.15389,0.16122,0.16122,0.16122,0.16122,0.16488,0.16488,0.17221,0.17221,0.17954,0.17954,0.17954,0.17954,0.19053,0.19053,0.19419,0.19786,0.19786,0.20486,0.20668,0.2143
Somalia,SOM,0.084272,0.087936,0.10626,0.10259,0.13557,0.1319,0.13923,0.22717,0.15389,0.16122,0.21618,0.18686,0.2345,0.26381,0.32976,0.50197,0.47998,0.79875,0.55693,0.48731,0.81341,0.2748,0.71814,0.93432,0.71448,0.85738,0.92333,0.99294,1.0076,0.9563,0.01832,0.003664,0.010992,0.010992,0.010992,0.010992,,,,,0.51662,0.50197,0.58624,0.59357,0.59357,0.59357,0.59357,0.60822,0.6009,0.59723,0.61189,0.57525,0.61798,0.63749,0.6559
South Africa,ZAF,97.8544,102.1303,105.6808,109.7368,119.56,128.1557,128.251,133.7763,137.9716,143.1635,149.6414,168.4304,171.5851,173.3915,176.5901,185.0503,192.9572,199.7869,201.934,218.7298,228.2672,257.1578,280.5195,291.9915,315.6902,323.9489,330.5844,328.7561,342.7745,340.8289,319.5338,332.3468,307.5708,320.8418,337.3005,353.1693,358.3465,371.024,371.9143,370.7308,368.3089,362.4465,347.4022,380.4991,424.4268,391.4984,422.1001,440.629,468.7062,477.4155,454.5778,476.8513,468.3902,469.2246,476.1424
South Korea,KOR,12.5419,14.4508,17.2648,21.0863,22.2002,24.9848,29.9898,35.1231,37.2116,42.4877,53.7399,58.569,60.2875,73.0345,75.625,81.7622,93.2305,105.6258,113.3129,133.1021,134.7583,139.6277,141.7895,150.7809,163.7771,178.1876,182.3023,192.5029,221.7783,235.6538,246.7411,261.2688,284.0479,321.6882,343.7565,374.4645,403.4504,429.6809,364.535,399.5372,447.1949,449.8256,465.2511,465.8336,481.882,462.5434,470.2707,495.2702,507.1745,508.446,566.2529,588.944,591.343,598.9232,599.4214
Spain,ESP,48.8888,53.6336,60.0053,58.7742,64.3582,71.0596,77.6658,86.4484,97.0777,96.8029,116.834,128.5771,144.9075,155.24,173.0104,181.4962,198.281,195.5037,200.3292,203.5792,214.8276,207.1186,209.7347,204.7004,198.7903,201.0693,190.3118,190.7222,198.8709,226.4865,227.508,237.18,245.8143,237.2533,249.4517,262.86,250.5432,263.3037,271.515,294.9018,308.0264,308.7864,328.8787,333.168,350.0713,365.4784,356.7121,363.744,333.1817,293.7323,280.3776,280.9227,276.6366,243.1738,240.8725
Sri Lanka,LKA,2.257,2.334,2.5611,2.5318,2.2717,2.6564,2.6601,2.9459,3.239,4.3162,3.5944,3.195,3.5394,3.686,2.9312,2.8946,2.803,2.9165,3.4478,3.8252,3.4075,4.0304,4.4957,4.8804,3.8802,3.9535,3.7006,4.0707,3.4881,3.4808,3.8655,4.1733,5.1809,5.038,5.5216,5.899,7.0569,7.6101,7.819,8.6104,10.2299,10.4351,11.047,11.0689,12.2891,12.0912,11.9666,12.344,12.1975,13.1648,13.3773,15.2203,15.8197,15.9646,16.4969
Sudan,SDN,1.3593,1.385,1.4839,1.6781,1.8576,2.4256,2.6417,3.184,3.1034,4.1806,4.8511,4.9794,5.3751,5.4227,5.6792,4.2356,3.7519,3.8032,3.4368,3.5687,3.7446,3.6384,3.8252,3.9058,3.5028,4.0707,4.2466,3.3489,4.8438,3.7556,5.5546,5.3824,4.7522,2.9056,4.4408,4.5983,4.2649,5.4154,4.6936,5.0893,5.529,6.3644,8.1121,9.0647,11.3731,10.6989,11.494,13.1025,13.9195,15.4144,15.7662,16.5649,18.013,18.4868,18.934
Suriname,SUR,0.43235,0.42869,0.49464,0.53128,0.60456,0.79509,1.0955,1.3337,1.4509,1.5206,1.6085,1.7148,1.7441,2.1068,1.6012,2.0189,1.9969,1.898,2.3926,2.2937,2.3706,2.0299,1.8723,1.374,1.5535,1.5975,1.7587,1.7587,1.876,1.854,1.81,2.0995,2.1105,2.1544,2.1618,2.1801,2.1288,2.1398,2.1618,2.1508,2.1251,2.2717,2.257,2.246,2.2973,2.3853,2.4476,2.4512,2.4512,2.4732,2.3926,1.9089,1.9193,1.897,1.9204
Swaziland,SWZ,0.032976,0.003664,,,0.010992,0.080608,0.20152,0.22717,0.27846,0.30411,0.3664,0.39938,0.38106,0.37006,0.31144,0.33709,0.33342,0.34075,0.43968,0.44701,0.46533,0.43602,0.43602,0.27114,0.33342,0.43968,0.458,0.43602,0.43602,0.43602,0.42502,0.3261,0.26381,0.1319,0.48365,0.45434,0.34075,1.2018,1.2128,1.2384,1.1871,1.1432,1.1248,1.0406,1.0296,1.0186,1.0149,1.0626,1.0955,1.0442,1.0369,1.0479,1.07,1.1687,1.2267
Sweden,SWE,49.1819,48.8118,51.285,55.3264,60.3827,62.5775,72.5325,68.9455,77.6218,86.3971,92.3035,84.5212,84.7117,87.2948,79.8239,80.7582,88.2364,85.7339,79.4685,84.8582,71.7008,69.3742,62.2404,58.2503,57.2866,62.343,61.9876,59.6682,57.3966,55.4876,57.1408,57.4385,57.2127,57.106,59.5625,58.9674,62.7279,57.629,58.2494,55.2887,54.1312,55.0638,55.9947,56.6095,55.771,53.1893,53.1554,52.0245,49.9779,46.5167,52.2791,48.4791,45.7103,45.1912,44.2677
Switzerland,CHE,19.5071,20.3718,24.1348,29.0812,28.1432,30.3452,31.5031,32.5363,35.9988,38.0653,40.2637,41.9088,42.9384,46.225,41.4472,39.0656,40.4506,41.0515,42.1836,39.879,40.5055,38.8274,36.5997,40.0365,39.1425,39.7947,42.2606,40.2197,40.6777,39.4356,44.6393,46.3686,46.2585,43.7177,42.9811,43.6835,44.3405,43.5141,44.8119,44.8938,43.9522,44.9043,43.8441,45.0254,45.6499,46.29,45.9107,43.9306,45.4473,44.2799,45.9234,41.8476,43.2508,45.278,40.6676
Syria,SYR,3.2207,3.0631,3.2023,3.609,4.3638,3.675,4.9134,4.6056,5.9577,7.2364,6.6538,8.8779,7.7604,7.8886,9.6583,11.1752,13.7473,14.6523,15.2093,22.5299,20.7859,26.6153,24.4682,27.938,33.0639,29.6271,31.3272,36.1967,36.9148,34.5369,37.4204,43.1583,44.4004,47.0787,48.493,43.9607,44.2135,40.9342,50.2408,52.3366,51.0065,48.7459,39.0363,54.2419,51.0688,50.5925,53.5457,66.4137,67.4872,61.9033,61.5259,57.6237,59.1574,60.5691,60.0856
Taiwan,TWN,11.8787,12.5345,14.1724,15.1177,16.9167,17.8547,19.4742,21.984,24.1568,26.3075,28.7514,31.4957,35.8962,40.271,39.3367,43.4844,56.1398,61.1778,71.0816,75.8228,83.5832,75.123,75.4528,83.2131,84.9388,84.8106,94.414,98.2721,113.1883,123.2276,125.8364,136.9676,147.5603,159.9776,167.4265,178.1583,186.7321,200.7652,198.2371,205.4698,217.4987,226.71,237.647,246.3637,260.4041,259.1767,266.8894,273.2538,257.2861,241.5858,260.3089,256.3261,256.0654,257.2445,259.4826
Tajikistan,TJK,3.0813,3.1776,3.3351,3.5766,3.8037,4.0351,4.2612,4.4558,4.5809,4.7708,5.0179,5.3259,5.6046,5.8424,6.066,6.3774,6.6235,6.8493,7.0849,7.1438,7.4254,7.2852,7.4229,7.5293,7.5971,8.1932,8.2156,8.5617,8.797,8.6127,8.0753,7.7834,7.2144,5.1662,2.3523,2.4476,2.8249,2.1508,2.4952,2.5172,2.235,2.29,1.8796,2.0738,2.5611,2.4402,2.6564,3.2866,2.9678,2.8359,2.8323,2.781,2.6507,2.5912,2.5544
Tanzania,TZA,0.82806,0.70349,0.76578,0.80242,1.0332,1.1615,1.3703,1.7587,1.6525,1.7954,1.766,2.4622,2.1654,3.184,2.3047,2.2827,2.7883,2.0115,2.2021,2.0702,1.8833,2.1215,2.1654,2.2167,2.3669,2.356,2.2973,2.3889,2.2863,2.2057,2.3706,2.4329,2.3596,2.6344,2.4439,3.5504,3.4588,2.8799,2.5538,2.5355,2.6491,3.1254,3.5871,3.8032,4.3602,5.4997,6.0236,5.976,6.3351,6.1848,6.8444,7.295,7.7879,7.8298,7.9247
Thailand,THA,3.7116,4.144,5.0307,5.5656,7.4746,7.4452,9.4714,12.1572,17.0852,14.5497,15.3632,19.2323,21.8191,24.4352,24.2264,24.3876,28.7551,32.1333,35.0388,36.706,40.1025,38.0177,37.8784,42.4181,45.9356,48.6323,49.6619,56.8983,66.9486,78.8273,95.755,105.1495,115.0936,130.6289,145.3509,167.4485,186.8127,192.9389,170.9256,182.6614,188.2014,201.967,215.7986,232.0081,252.1382,255.9597,263.9656,264.8449,264.5371,279.1748,297.8979,303.1227,325.3786,325.58,337.2577
Timor-Leste,TLS,,,,,,,,,,,,,,,,,,,,,,,,,,,,,,,,,,,,,,,,,,,0.16122,0.16122,0.17587,0.17587,0.17954,0.1832,0.19053,0.1832,0.1832,0.1832,0.18969,0.19137,0.19842
Togo,TGO,0.065952,0.0916,0.087936,0.10626,0.1319,0.1319,0.17954,0.19786,0.19419,0.24182,0.2748,0.3151,0.39938,0.40304,0.37739,0.31144,0.32243,0.46166,0.35541,1.3813,0.71814,0.62654,0.7328,0.54594,0.60822,0.5496,0.70715,0.76578,0.79142,0.83539,0.7731,0.84272,0.83539,0.8647,0.83173,0.95264,1.0589,0.98562,1.1652,1.5352,1.3557,1.1615,1.2311,1.4619,1.396,1.3374,1.2201,1.4106,1.7294,1.6818,1.7184,2.0958,2.5258,2.5668,2.6055
Tonga,TON,0.010992,0.010992,0.010992,0.010992,0.010992,0.010992,0.010992,0.014656,0.014656,0.010992,0.025648,0.01832,0.021984,0.025648,0.021984,0.032976,0.029312,0.029312,0.03664,0.040304,0.040304,0.047632,0.043968,0.047632,0.047632,0.047632,0.047632,0.05496,0.069616,0.069616,0.076944,0.095264,0.069616,0.084272,0.0916,0.095264,0.076944,0.098928,0.087936,0.10992,0.095264,0.087936,0.10259,0.11725,0.10992,0.11358,0.12824,0.11358,0.12091,0.1319,0.11725,0.10259,0.10623,0.10717,0.11112
Trinidad and Tobago,TTO,2.5795,4.5983,7.2327,1.308,3.7922,5.1919,4.0524,4.635,4.0377,3.9022,8.9915,8.0974,8.2367,9.3908,10.043,9.6143,15.9128,16.1619,15.3155,16.7115,16.924,17.2464,18.4116,16.2901,17.5212,20.7382,17.371,17.5066,15.8541,16.1289,16.946,21.0314,20.9691,16.8068,19.8369,20.9508,21.7642,19.214,19.302,22.7974,23.8746,25.124,27.2015,27.8794,30.7886,29.4879,46.3936,48.1633,46.5988,48.2915,50.8746,49.5336,46.9409,47.5573,46.6875
Tunisia,TUN,1.7257,1.766,1.7954,1.9456,2.7553,2.4622,2.8836,3.0851,3.5944,3.8545,3.7409,4.2099,4.7339,4.8255,5.3934,5.5436,5.8441,6.7528,7.4856,8.7643,9.4861,9.8268,9.5191,11.2961,11.5379,11.93,12.0546,11.7395,12.4539,13.2234,13.2564,15.4767,15.0114,16.488,15.9274,15.7222,16.7445,16.9313,17.9866,18.3163,19.9065,20.8005,20.8445,21.2292,22.2808,22.6435,22.9733,24.0908,24.8053,24.765,26.7216,25.6224,27.0909,26.6059,26.5819
Turkey,TUR,16.8068,17.349,21.6139,22.6508,26.3148,27.3664,31.5214,33.4963,36.2846,38.7761,42.605,47.6943,53.8132,59.4374,61.0862,65.6442,73.6611,81.5057,77.1932,75.515,75.7019,79.8092,86.9174,90.4678,95.7183,106.6297,116.7863,129.8009,126.2065,139.2027,141.56,148.5457,154.1746,162.7567,161.0139,174.0871,192.1995,205.3664,204.5025,203.847,225.6086,209.1545,218.1939,232.8043,243.5944,259.791,277.2609,308.6486,297.85,299.6712,326.8485,345.7343,357.4982,346.9534,372.8707
Turkmenistan,TKM,12.3658,12.7524,13.3842,14.3537,15.2652,16.1935,17.1012,17.8819,18.3843,19.146,20.138,21.374,22.4923,23.4467,24.3441,25.594,26.5814,27.4876,28.4331,28.6697,29.7998,29.2368,29.7896,30.2167,30.4886,32.8811,32.9709,34.3599,35.3042,34.5647,32.4077,31.2364,28.9529,28.4216,34.1705,34.5918,31.3382,30.1327,26.4687,34.7311,35.3356,39.1975,40.1171,42.0517,43.2059,45.4702,46.6464,55.9969,56.7883,50.2994,57.2207,62.1671,68.1625,61.9257,71.2508
Turks and Caicos Islands,TCA,,,,,,,,,,,,,,,,,,,,,,,,,,,,,,,,,,,,0.010992,0.010992,0.010992,0.014656,0.014656,0.014656,0.014656,0.098928,0.10259,0.10259,0.12091,0.1429,0.16488,0.17954,0.17954,0.19053,0.19053,0.18982,0.18744,0.18981
Uganda,UGA,0.42136,0.4067,0.42869,0.43235,0.49098,0.62654,0.7328,0.80974,0.98195,1.1761,1.4436,1.44,1.3813,1.1798,1.1945,1.1322,0.98928,0.80608,0.69982,0.67418,0.62654,0.52762,0.54594,0.61555,0.58258,0.61922,0.70349,0.76944,0.8647,0.80242,0.80242,0.82806,0.83906,0.83173,0.76211,0.99294,1.1139,1.1468,1.3484,1.407,1.5316,1.6195,1.6671,1.7074,1.8503,2.2827,2.6527,3.1254,3.1584,3.3745,3.5871,3.7959,4.0412,4.1589,4.2701
Ukraine,UKR,273.8371,282.3993,296.391,317.8601,338.0447,358.6015,378.7029,395.99,407.1155,423.9846,445.9507,473.3228,498.0879,519.2208,539.0956,566.7734,588.6382,608.7071,629.6438,634.8835,659.9099,647.4424,659.6839,669.1409,675.1633,728.1448,730.1335,760.8932,781.8035,765.428,718.8943,618.1649,542.1677,464.7787,402.933,360.3247,324.3681,309.6717,308.3694,302.4188,293.5089,298.8446,302.0673,317.829,319.131,320.5594,337.3156,340.4583,324.4969,274.5877,289.6644,305.4645,302.7489,288.2015,236.9836
United Arab Emirates,ARE,0.010992,0.010992,0.01832,0.021984,0.01832,0.021984,0.025648,0.916,1.2421,20.5074,15.2349,21.1669,23.4349,30.6054,31.3016,31.0451,39.6188,38.7541,44.7777,36.5777,36.8745,36.8269,36.8415,35.3136,46.3569,49.8854,47.196,47.654,48.3282,54.4434,51.9665,56.9642,58.0891,65.9264,73.0712,70.5833,41.0258,41.612,81.4287,78.3107,112.4701,101.3316,84.6347,106.7543,113.148,116.0535,123.7736,139.2906,158.8051,162.4691,167.4595,178.3379,185.7805,189.5788,198.2062
United Kingdom,GBR,583.8218,588.4567,592.8755,603.3289,607.8576,622.1106,618.0582,592.0328,606.4726,628.343,652.5291,660.3224,647.9564,659.4944,617.1019,603.1494,598.4228,604.2522,604.5893,644.3657,578.8167,560.3612,548.0721,545.2948,528.9021,559.3975,568.312,571.4008,569.9975,581.246,591.4993,598.3233,581.8281,568.1003,562.0611,553.7019,575.027,550.5252,555.4995,548.048,556.6672,567.9043,551.5531,562.2968,563.9621,561.1015,561.1284,554.2516,536.7337,487.4424,504.9975,464.0361,483.4236,471.2596,428.2128
United States of America,USA,2888.3312,2878.1489,2984.764,3116.679,3253.3316,3388.1484,3558.9641,3692.6855,3828.2205,4021.4562,4325.363,4353.2057,4561.2183,4766.2924,4594.7256,4402.7247,4609.3267,4738.413,4886.86,4897.786,4719.3456,4532.0895,4303.2251,4338.3262,4471.5309,4488.88,4491.7855,4684.5376,4888.5235,4951.0276,5100.6059,5050.4776,5156.7813,5267.7109,5354.4036,5416.6076,5604.9915,5678.0747,5716.14,5789.2249,5963.0633,5866.4602,5906.9069,5955.6114,6074.0408,6103.2939,6026.4939,6116.4414,5927.3154,5497.8032,5712.7566,5583.3793,5375.0029,5514.0457,5560.6275
Uruguay,URY,4.3162,4.1183,4.0084,4.3162,4.5544,5.518,5.4007,4.8804,4.8804,5.5913,5.7378,5.8038,6.0712,5.7708,5.6792,5.965,5.8917,5.6462,5.7378,6.2728,5.8331,5.3714,4.8695,3.8142,3.4478,3.2939,3.1767,3.5577,4.8035,4.8768,3.9901,4.5507,5.1662,4.4628,4.0634,4.5873,5.4374,5.551,5.6829,6.7198,5.3018,5.0856,4.6166,4.5947,5.6059,5.7708,6.6428,5.9943,8.2733,8.0681,6.4486,7.7677,7.7675,7.7015,7.7904
Uzbekistan,UZB,49.3801,50.9241,53.4472,57.3186,60.9585,64.6654,68.2902,71.4076,73.4138,76.4557,80.4168,85.3527,89.8185,93.6293,97.2133,102.2043,106.1472,109.7661,113.5416,114.4864,118.9993,116.7511,118.9586,120.6639,121.7499,131.3039,131.6625,137.2093,140.98,138.0271,129.4133,124.7363,115.6175,119.8678,112.3053,101.7676,104.1565,102.5627,118.3802,118.2226,120.9596,123.0994,127.9725,123.4768,120.2268,112.7852,117.4239,117.8929,120.9743,108.5387,105.4023,114.7675,113.3813,119.6904,120.8567
Vanuatu,VUT,,,0.040304,0.032976,0.062288,0.047632,0.076944,0.084272,0.062288,0.043968,0.040304,0.058624,0.062288,0.05496,0.062288,0.05496,0.043968,0.051296,0.058624,0.062288,0.062288,0.051296,0.051296,0.05496,0.05496,0.12091,0.058624,0.047632,0.065952,0.062288,0.069616,0.065952,0.065952,0.065952,0.065952,0.065952,0.084272,0.087936,0.084272,0.084272,0.080608,0.087936,0.084272,0.080608,0.05496,0.05496,0.047632,0.095264,0.0916,0.11725,0.11725,0.1429,0.14796,0.14927,0.15477
Venezuela,VEN,57.0228,51.8859,54.0623,56.1581,56.5575,60.7381,56.9825,65.7615,65.5819,68.9418,74.5001,62.5115,62.5262,66.4466,75.0717,63.7646,57.2976,63.6803,68.634,76.508,90.728,91.8931,93.3294,93.0253,93.1425,101.196,109.44,110.891,116.0022,108.7658,122.0625,115.3464,105.8859,124.2902,129.8595,133.2414,122.7037,133.8789,167.1993,172.9811,152.2978,172.4462,193.1588,191.946,151.609,164.9606,169.3757,162.2529,185.556,186.2008,197.3504,188.663,200.2723,209.5168,206.6716
Vietnam,VNM,7.4856,7.9802,9.3395,9.1124,11.7908,13.1538,19.1847,22.966,23.6035,27.0586,28.1762,24.5085,23.0392,25.0764,19.0675,21.7825,13.9122,15.2642,15.4071,16.2682,16.8068,17.7118,18.3676,19.302,17.5359,21.1486,23.0722,25.9484,23.1638,17.4956,21.3904,21.4344,21.46,22.9879,26.2086,29.0665,34.6395,45.0635,47.4744,47.654,53.6007,61.0899,70.7482,78.7027,90.4752,98.0633,102.6616,113.8368,127.3606,140.6536,153.0233,173.069,167.2682,174.6376,194.4534
Wallis and Futuna Islands,WLF,,,,,,,,,,,,,,,,,,,,,,,,,,,,,,,,,,,,,,,,,,0.014656,0.025648,0.025648,0.025648,0.029312,0.029312,0.029312,0.021984,0.029312,0.029312,0.025648,0.026556,0.026792,0.027779
Western Sahara,ESH,,,,,,,,,,,0.069616,0.076944,0.084272,0.0916,0.16122,0.19786,0.11725,0.16488,0.17221,0.17954,0.16122,0.16122,0.17954,0.17221,0.17954,0.17221,0.17954,0.1832,0.17954,0.18686,0.19786,0.19786,0.19786,0.20152,0.20152,0.20885,0.21251,0.21984,0.2235,0.2345,0.23816,0.23816,0.23816,0.23816,0.23816,0.23816,0.23816,0.23816,0.23816,0.23816,0.23816,0.2254,0.23892,0.24922,24.5482
Yemen,YEM,3.631,2.6637,3.8838,2.9165,3.631,3.9278,3.4625,3.0521,11.6369,4.6753,2.5098,1.9712,1.4949,2.7297,2.246,2.1691,2.5648,2.9788,3.1034,3.2207,3.3159,4.2283,5.943,6.3241,7.1668,8.6507,8.2623,8.6764,9.596,9.9881,6.5915,10.1016,14.3702,9.4238,11.3584,11.2412,14.9235,15.4621,12.1901,13.8829,14.6267,16.2388,15.7515,17.2904,18.8659,20.0274,20.7785,21.2805,22.0793,23.5375,25.6956,22.2771,24.4741,24.7713,3.4001
Zambia,ZMB,4.3561,3.7096,3.5833,3.445,3.2756,3.9132,3.4991,4.7888,4.569,4.2722,3.7666,3.7886,4.0634,4.5873,4.1989,4.078,4.0231,3.7409,3.4735,3.6017,3.5284,3.3636,3.5174,3.2683,2.8176,2.7517,2.8872,2.7004,3.14,2.6014,2.4439,2.4146,2.4549,2.4988,2.4182,2.1691,1.8686,2.3889,2.312,1.8064,1.821,1.9053,1.9676,2.0995,2.1251,2.2753,2.224,1.9126,2.1581,2.4842,2.6711,3.0448,3.1818,3.3072,11.9013
Zimbabwe,ZWE,5.9446,5.0623,4.8899,4.7013,4.4701,5.2102,6.0419,5.2945,6.379,6.7454,8.1561,8.735,8.2184,9.2736,9.0501,8.3136,10.8601,9.2919,9.2882,9.4421,9.629,9.4275,8.8046,10.4534,9.9148,10.2555,13.1171,15.2276,16.0886,16.1729,15.4914,15.8102,16.8874,16.1949,17.6312,15.1177,14.9821,14.3959,14.242,15.8212,13.8756,12.5529,11.9227,10.6183,9.8562,10.7062,10.2409,9.7243,7.6761,8.233,9.0208,9.8525,9.5031,11.1016,
